Library,License
cloud.google.com/go@v0.75.0,Apache-2.0
code.cloudfoundry.org/go-diodes@v0.0.0-20180905200951-72629b5276e3,Apache-2.0
code.cloudfoundry.org/rfc5424@v0.0.0-20180905210152-236a6d29298a,BSD-2-Clause
collectd.org@v0.5.0,ISC
contrib.go.opencensus.io/exporter/prometheus@v0.2.0,Apache-2.0
github.com/Azure/azure-sdk-for-go@v46.4.0+incompatible,Apache-2.0
github.com/Azure/go-autorest/autorest@v0.11.10,Apache-2.0
github.com/Azure/go-autorest/autorest/adal@v0.9.5,Apache-2.0
github.com/Azure/go-autorest/autorest/date@v0.3.0,Apache-2.0
github.com/Azure/go-autorest/autorest/to@v0.4.0,Apache-2.0
github.com/Azure/go-autorest/autorest/validation@v0.3.0,Apache-2.0
github.com/Azure/go-autorest/logger@v0.2.0,Apache-2.0
github.com/Azure/go-autorest/tracing@v0.6.0,Apache-2.0
github.com/Sectorbob/mlab-ns2@v0.0.0-20171030222938-d3aa0c295a8a,Apache
github.com/Shopify/sarama@v1.27.2,MIT
github.com/Showmax/go-fqdn@v1.0.0,Apache-2.0
github.com/alecthomas/template@v0.0.0-20190718012654-fb15b899a751,BSD-3-Clause
github.com/alecthomas/units@v0.0.0-20190924025748-f65c72e2690d,MIT
github.com/antonmedv/expr@v1.8.9,MIT
github.com/apache/thrift@v0.13.0,Apache-2.0
github.com/armon/go-metrics@v0.3.4,MIT
github.com/armon/go-radix@v1.0.0,MIT
github.com/aws/aws-sdk-go@v1.36.24,Apache-2.0
github.com/beevik/ntp@v0.3.0,BSD-2-Clause
github.com/beorn7/perks@v1.0.1,MIT
github.com/cenkalti/backoff@v2.2.1+incompatible,MIT
github.com/census-instrumentation/opencensus-proto@v0.3.0,Apache-2.0
github.com/cespare/xxhash@v1.1.0,MIT
github.com/cespare/xxhash/v2@v2.1.1,MIT
github.com/cloudfoundry-incubator/uaago@v0.0.0-20190307164349-8136b7bbe76e,Apache-2.0
github.com/containerd/containerd@v1.4.1,Apache-2.0
github.com/coreos/go-oidc@v2.2.1+incompatible,Apache-2.0
github.com/coreos/go-semver@v0.3.0,Apache-2.0
github.com/coreos/go-systemd@v0.0.0-20190719114852-fd7a80b32e1f,Apache-2.0
github.com/davecgh/go-spew@v1.1.1,ISC
github.com/denisenkom/go-mssqldb@v0.0.0-20200428022330-06a60b6afbbc,BSD-3-Clause
github.com/digitalocean/godo@v1.46.0,"MIT, BSD-3-Clause"
github.com/docker/distribution@v2.7.1+incompatible,Apache-2.0
github.com/docker/docker@v17.12.0-ce-rc1.0.20200916142827-bd33bbf0497b+incompatible,Apache-2.0
github.com/docker/go-connections@v0.4.0,Apache-2.0
github.com/docker/go-units@v0.4.0,Apache-2.0
github.com/eapache/go-resiliency@v1.2.0,MIT
github.com/eapache/go-xerial-snappy@v0.0.0-20180814174437-776d5712da21,MIT
github.com/eapache/queue@v1.1.0,MIT
github.com/fatih/color@v1.9.0,MIT
github.com/form3tech-oss/jwt-go@v3.2.2+incompatible,MIT
github.com/fsnotify/fsnotify@v1.4.9,BSD-3-Clause
github.com/fullsailor/pkcs7@v0.0.0-20190404230743-d7302db945fa,MIT
github.com/go-kit/kit@v0.10.0,MIT
github.com/go-logfmt/logfmt@v0.5.0,MIT
github.com/go-logr/logr@v0.2.0,Apache-2.0
github.com/go-playground/locales@v0.13.0,MIT
github.com/go-playground/universal-translator@v0.17.0,MIT
github.com/go-redis/redis/v7@v7.4.0,BSD-2-Clause
github.com/go-sql-driver/mysql@v1.5.0,MPL-2.0
github.com/go-stack/stack@v1.8.0,MIT
github.com/go-test/deep@v1.0.7,MIT
github.com/gobwas/glob@v0.2.4-0.20181002190808-e7a84e9525fe,MIT
github.com/gogo/googleapis@v1.4.0,Apache-2.0
github.com/gogo/protobuf@v1.3.2,BSD-3-Clause
github.com/golang-sql/civil@v0.0.0-20190719163853-cb61b32ac6fe,Apache-2.0
github.com/golang/glog@v0.0.0-20160126235308-23def4e6c14b,Apache-2.0
github.com/golang/groupcache@v0.0.0-20200121045136-8c9f03a8e57e,Apache-2.0
github.com/golang/mock@v1.4.4,Apache-2.0
github.com/golang/protobuf@v1.4.3,BSD-3-Clause
github.com/golang/snappy@v0.0.2,BSD-3-Clause
github.com/google/cadvisor@v0.26.1,Apache-2.0
github.com/google/go-cmp@v0.5.4,BSD-3-Clause
github.com/google/go-querystring@v1.0.0,BSD-3-Clause
github.com/google/gofuzz@v1.2.0,Apache-2.0
github.com/google/uuid@v1.1.4,BSD-3-Clause
github.com/googleapis/gax-go/v2@v2.0.5,BSD-3-Clause
github.com/googleapis/gnostic@v0.5.1,Apache-2.0
github.com/gophercloud/gophercloud@v0.13.0,Apache-2.0
github.com/gorilla/mux@v1.8.0,BSD-3-Clause
github.com/grpc-ecosystem/grpc-gateway@v1.16.0,BSD-3-Clause
github.com/hashicorp/consul/api@v1.7.0,MPL-2.0
github.com/hashicorp/errwrap@v1.0.0,MPL-2.0
github.com/hashicorp/go-cleanhttp@v0.5.1,MPL-2.0
github.com/hashicorp/go-gcp-common@v0.6.0,MPL-2.0
github.com/hashicorp/go-hclog@v0.14.1,MIT
github.com/hashicorp/go-immutable-radix@v1.2.0,MPL-2.0
github.com/hashicorp/go-kms-wrapping/entropy@v0.1.0,MPL-2.0
github.com/hashicorp/go-multierror@v1.1.0,MPL-2.0
github.com/hashicorp/go-plugin@v1.0.1,MPL-2.0
github.com/hashicorp/go-retryablehttp@v0.6.7,MPL-2.0
github.com/hashicorp/go-rootcerts@v1.0.2,MPL-2.0
github.com/hashicorp/go-sockaddr@v1.0.2,MPL-2.0
github.com/hashicorp/go-uuid@v1.0.2,MPL-2.0
github.com/hashicorp/go-version@v1.2.1,MPL-2.0
github.com/hashicorp/golang-lru@v0.5.4,MPL-2.0
github.com/hashicorp/hcl@v1.0.0,MPL-2.0
github.com/hashicorp/serf@v0.9.3,MPL-2.0
github.com/hashicorp/vault@v1.6.0,MPL-2.0
github.com/hashicorp/vault-plugin-auth-gcp@v0.8.0,MPL-2.0
github.com/hashicorp/vault/api@v1.0.5-0.20201001211907-38d91b749c77,MPL-2.0
github.com/hashicorp/vault/sdk@v0.1.14-0.20201109203410-5e6e24692b32,MPL-2.0
github.com/hashicorp/yamux@v0.0.0-20190923154419-df201c70410d,MPL-2.0
github.com/hetznercloud/hcloud-go@v1.22.0,MIT
github.com/hpcloud/tail@v1.0.0,MIT
github.com/iancoleman/strcase@v0.0.0-20171129010253-3de563c3dc08,MIT
github.com/imdario/mergo@v0.3.11,BSD-3-Clause
github.com/influxdata/tail@v1.0.0,MIT
github.com/influxdata/wlog@v0.0.0-20160411224016-7c63b0a71ef8,MIT
github.com/jackc/chunkreader/v2@v2.0.1,MIT
github.com/jackc/pgconn@v1.5.0,MIT
github.com/jackc/pgio@v1.0.0,MIT
github.com/jackc/pgpassfile@v1.0.0,MIT
github.com/jackc/pgproto3/v2@v2.0.1,MIT
github.com/jackc/pgservicefile@v0.0.0-20200307190119-3430c5407db8,MIT
github.com/jackc/pgtype@v1.3.0,MIT
github.com/jackc/pgx/v4@v4.6.0,MIT
github.com/jaegertracing/jaeger@v1.21.0,Apache-2.0
github.com/jcmturner/gofork@v1.0.0,BSD-3-Clause
github.com/jmespath/go-jmespath@v0.4.0,Apache-2.0
github.com/jpillora/backoff@v1.0.0,MIT
github.com/json-iterator/go@v1.1.10,MIT
github.com/karrick/godirwalk@v1.10.3,BSD-2-Clause
github.com/kballard/go-shellquote@v0.0.0-20180428030007-95032a82bc51,MIT
github.com/klauspost/compress@v1.11.0,BSD-3-Clause
github.com/leodido/go-urn@v1.2.1,MIT
github.com/lib/pq@v1.8.0,MIT
github.com/magiconair/properties@v1.8.1,BSD-2-Clause
github.com/mailru/easyjson@v0.7.1,MIT
github.com/mattn/go-colorable@v0.1.7,MIT
github.com/mattn/go-isatty@v0.0.12,MIT
github.com/mattn/go-runewidth@v0.0.8,MIT
github.com/mattn/go-xmlrpc@v0.0.3,MIT
github.com/matttproud/golang_protobuf_extensions@v1.0.2-0.20181231171920-c182affec369,Apache-2.0
github.com/miekg/dns@v1.1.31,BSD-3-Clause
github.com/mitchellh/copystructure@v1.0.0,MIT
github.com/mitchellh/go-homedir@v1.1.0,MIT
github.com/mitchellh/go-testing-interface@v1.0.0,MIT
github.com/mitchellh/go-wordwrap@v1.0.0,MIT
github.com/mitchellh/hashstructure@v1.0.0,MIT
github.com/mitchellh/mapstructure@v1.3.3,MIT
github.com/mitchellh/reflectwalk@v1.0.1,MIT
github.com/modern-go/concurrent@v0.0.0-20180306012644-bacd9c7ef1dd,Apache-2.0
github.com/modern-go/reflect2@v1.0.1,Apache-2.0
github.com/mongodb/go-client-mongodb-atlas@v0.2.0,Apache-2.0
github.com/mwielbut/pointy@v1.1.0,MIT
github.com/mwitkow/go-conntrack@v0.0.0-20190716064945-2f068394615f,Apache-2.0
github.com/oklog/run@v1.1.0,Apache-2.0
github.com/olekukonko/tablewriter@v0.0.1,MIT
github.com/open-telemetry/opentelemetry-collector-contrib/exporter/sapmexporter@v0.18.0,Apache-2.0
github.com/open-telemetry/opentelemetry-collector-contrib/exporter/signalfxcorrelationexporter@v0.16.0,Apache-2.0
github.com/open-telemetry/opentelemetry-collector-contrib/exporter/signalfxexporter@v0.18.0,Apache-2.0
github.com/open-telemetry/opentelemetry-collector-contrib/exporter/splunkhecexporter@v0.18.0,Apache-2.0
github.com/open-telemetry/opentelemetry-collector-contrib/extension/httpforwarder@v0.18.0,Apache-2.0
github.com/open-telemetry/opentelemetry-collector-contrib/extension/observer@v0.18.0,Apache-2.0
github.com/open-telemetry/opentelemetry-collector-contrib/extension/observer/hostobserver@v0.18.0,Apache-2.0
github.com/open-telemetry/opentelemetry-collector-contrib/extension/observer/k8sobserver@v0.18.0,Apache-2.0
github.com/open-telemetry/opentelemetry-collector-contrib/internal/common@v0.18.0,Apache-2.0
github.com/open-telemetry/opentelemetry-collector-contrib/internal/k8sconfig@v0.18.0,Apache-2.0
github.com/open-telemetry/opentelemetry-collector-contrib/internal/splunk@v0.18.0,Apache-2.0
github.com/open-telemetry/opentelemetry-collector-contrib/pkg/batchperresourceattr@v0.18.0,Apache-2.0
github.com/open-telemetry/opentelemetry-collector-contrib/processor/k8sprocessor@v0.18.0,Apache-2.0
github.com/open-telemetry/opentelemetry-collector-contrib/processor/metricstransformprocessor@v0.18.0,Apache-2.0
github.com/open-telemetry/opentelemetry-collector-contrib/processor/resourcedetectionprocessor@v0.18.0,Apache-2.0
github.com/open-telemetry/opentelemetry-collector-contrib/receiver/carbonreceiver@v0.18.0,Apache-2.0
github.com/open-telemetry/opentelemetry-collector-contrib/receiver/collectdreceiver@v0.18.0,Apache-2.0
github.com/open-telemetry/opentelemetry-collector-contrib/receiver/dockerstatsreceiver@v0.18.0,Apache-2.0
github.com/open-telemetry/opentelemetry-collector-contrib/receiver/jmxreceiver@v0.18.0,Apache-2.0
github.com/open-telemetry/opentelemetry-collector-contrib/receiver/k8sclusterreceiver@v0.18.0,Apache-2.0
github.com/open-telemetry/opentelemetry-collector-contrib/receiver/kubeletstatsreceiver@v0.18.0,Apache-2.0
github.com/open-telemetry/opentelemetry-collector-contrib/receiver/prometheusexecreceiver@v0.18.0,Apache-2.0
github.com/open-telemetry/opentelemetry-collector-contrib/receiver/receivercreator@v0.18.0,Apache-2.0
github.com/open-telemetry/opentelemetry-collector-contrib/receiver/redisreceiver@v0.18.0,Apache-2.0
github.com/open-telemetry/opentelemetry-collector-contrib/receiver/sapmreceiver@v0.18.0,Apache-2.0
github.com/open-telemetry/opentelemetry-collector-contrib/receiver/signalfxreceiver@v0.18.0,Apache-2.0
github.com/open-telemetry/opentelemetry-collector-contrib/receiver/simpleprometheusreceiver@v0.18.0,Apache-2.0
github.com/open-telemetry/opentelemetry-collector-contrib/receiver/splunkhecreceiver@v0.18.0,Apache-2.0
github.com/open-telemetry/opentelemetry-collector-contrib/receiver/statsdreceiver@v0.18.0,Apache-2.0
github.com/opencontainers/go-digest@v1.0.0,"Apache-2.0, CC-BY-SA-4.0"
github.com/opencontainers/image-spec@v1.0.1,Apache-2.0
github.com/openshift/api@v3.9.0+incompatible,Apache-2.0
github.com/openshift/client-go@v0.0.0-20201020071134-e303d21b3e32,Apache-2.0
github.com/opentracing/opentracing-go@v1.2.0,Apache-2.0
github.com/openzipkin/zipkin-go@v0.2.5,Apache-2.0
github.com/patrickmn/go-cache@v2.1.0+incompatible,MIT
github.com/pelletier/go-toml@v1.8.0,MIT
github.com/philhofer/fwd@v1.1.1,MIT
github.com/pierrec/lz4@v2.5.2+incompatible,BSD-3-Clause
github.com/pkg/errors@v0.9.1,BSD-2-Clause
github.com/pmezard/go-difflib@v1.0.0,BSD-3-Clause
github.com/pquerna/cachecontrol@v0.0.0-20200819021114-67c6ae64274f,Apache-2.0
github.com/prometheus/client_golang@v1.9.0,Apache-2.0
github.com/prometheus/client_model@v0.2.0,Apache-2.0
github.com/prometheus/common@v0.15.0,Apache-2.0
github.com/prometheus/procfs@v0.2.0,Apache-2.0
github.com/prometheus/prometheus@v1.8.2-0.20201105135750-00f16d1ac3a4,Apache-2.0
github.com/prometheus/statsd_exporter@v0.15.0,Apache-2.0
github.com/rcrowley/go-metrics@v0.0.0-20200313005456-10cdbea86bc0,BSD-2-Clause-FreeBSD
github.com/rs/cors@v1.7.0,MIT
github.com/ryanuber/go-glob@v1.0.0,MIT
github.com/samuel/go-zookeeper@v0.0.0-20200724154423-2164a8ac840e,BSD-3-Clause
github.com/shirou/gopsutil@v3.20.12+incompatible,BSD-3-Clause
github.com/signalfx/com_signalfx_metrics_protobuf@v0.0.2,Apache-2.0
github.com/signalfx/defaults@v1.2.2-0.20180531161417-70562fe60657,MIT
github.com/signalfx/gateway@v1.2.19-0.20191125135538-2c417b7ae0bd,Apache-2.0
github.com/signalfx/go-loggregator@v1.0.1-0.20200205155641-5ba5ca92118d,Apache-2.0
github.com/signalfx/gohistogram@v0.0.0-20160107210732-1ccfd2ff5083,MIT
github.com/signalfx/golib/v3@v3.3.16,Apache-2.0
github.com/signalfx/ingest-protocols@v0.0.16,Apache-2.0
github.com/signalfx/sapm-proto@v0.6.2,Apache-2.0
github.com/signalfx/signalfx-agent@v1.0.1-0.20210114201625-befd9fc0070c,Apache-2.0
github.com/signalfx/signalfx-agent/pkg/apm@v0.0.0-20210114201625-befd9fc0070c,Apache-2.0
github.com/signalfx/signalfx-agent/thirdparty/cmux@v0.0.0-20210114201625-befd9fc0070c,Apache-2.0
github.com/signalfx/signalfx-go@v1.6.38-0.20200518153434-ceee8d2570d5,Apache-2.0
github.com/signalfx/telegraf@v0.10.2-0.20201211214327-200738592ced,MIT
github.com/sirupsen/logrus@v1.6.0,MIT
github.com/soniah/gosnmp@v0.0.0-20190220004421-68e8beac0db9,"BSD-2-Clause, BSD-3-Clause"
github.com/spf13/afero@v1.2.2,Apache-2.0
github.com/spf13/cast@v1.3.1,MIT
github.com/spf13/cobra@v1.1.1,Apache-2.0
github.com/spf13/jwalterweatherman@v1.1.0,MIT
github.com/spf13/pflag@v1.0.5,BSD-3-Clause
github.com/spf13/viper@v1.7.1,MIT
github.com/stretchr/objx@v0.2.0,MIT
github.com/stretchr/testify@v1.6.1,MIT
github.com/subosito/gotenv@v1.2.0,MIT
github.com/tidwall/gjson@v1.6.4,MIT
github.com/tidwall/match@v1.0.1,MIT
github.com/tidwall/pretty@v1.0.2,MIT
github.com/tinylib/msgp@v1.1.5,MIT
github.com/uber/jaeger-lib@v2.4.0+incompatible,Apache-2.0
github.com/ulule/deepcopier@v0.0.0-20171107155558-ca99b135e50f,MIT
github.com/vjeantet/grok@v1.0.0,Apache-2.0
github.com/vmware/govmomi@v0.23.0,Apache-2.0
github.com/yalp/jsonpath@v0.0.0-20180802001716-5cc68e5049a0,BSD-3-Clause
go.etcd.io/etcd@v0.5.0-alpha.5.0.20200425165423-262c93980547,Apache-2.0
go.opencensus.io@v0.22.5,Apache-2.0
go.opentelemetry.io/collector@v0.18.0,Apache-2.0
go.opentelemetry.io/otel@v0.13.0,Apache-2.0
go.uber.org/atomic@v1.7.0,MIT
go.uber.org/multierr@v1.6.0,MIT
go.uber.org/zap@v1.16.0,MIT
golang.org/x/crypto@v0.0.0-20201002170205-7f63de1d35b0,BSD-3-Clause
golang.org/x/net@v0.0.0-20201224014010-6772e930b67b,BSD-3-Clause
golang.org/x/oauth2@v0.0.0-20201208152858-08078c50e5b5,BSD-3-Clause
golang.org/x/sync@v0.0.0-20201020160332-67f06af15bc9,BSD-3-Clause
golang.org/x/sys@v0.0.0-20201214210602-f9fddec55a1e,BSD-3-Clause
golang.org/x/text@v0.3.5,BSD-3-Clause
golang.org/x/time@v0.0.0-20200630173020-3af7569d3a1e,BSD-3-Clause
golang.org/x/xerrors@v0.0.0-20200804184101-5ec99f83aff1,BSD-3-Clause
google.golang.org/api@v0.36.0,BSD-3-Clause
google.golang.org/genproto@v0.0.0-20210108203827-ffc7fda8c3d7,Apache-2.0
google.golang.org/grpc@v1.29.1,Apache-2.0
google.golang.org/protobuf@v1.25.0,BSD-3-Clause
gopkg.in/alecthomas/kingpin.v2@v2.2.6,MIT
gopkg.in/fatih/set.v0@v0.1.0,MIT
gopkg.in/fsnotify.v1@v1.4.7,BSD-3-Clause
gopkg.in/fsnotify/fsnotify.v1@v1.4.7,BSD-3-Clause
gopkg.in/go-playground/validator.v9@v9.28.0,MIT
gopkg.in/inf.v0@v0.9.1,BSD-3-Clause
gopkg.in/ini.v1@v1.57.0,Apache-2.0
gopkg.in/jcmturner/aescts.v1@v1.0.1,Apache-2.0
gopkg.in/jcmturner/dnsutils.v1@v1.0.1,Apache-2.0
gopkg.in/jcmturner/gokrb5.v7@v7.5.0,Apache-2.0
gopkg.in/jcmturner/rpc.v1@v1.1.0,Apache-2.0
gopkg.in/square/go-jose.v2@v2.5.1,Apache-2.0
gopkg.in/tomb.v1@v1.0.0-20141024135613-dd632973f1e7,BSD-3-Clause
gopkg.in/yaml.v2@v2.4.0,"Apache-2.0, MIT"
gopkg.in/yaml.v3@v3.0.0-20200615113413-eeeca48fe776,"MIT, Apache-2.0"
k8s.io/api@v0.20.1,Apache-2.0
k8s.io/apimachinery@v0.20.1,Apache-2.0
k8s.io/client-go@v0.20.1,Apache-2.0
k8s.io/klog/v2@v2.4.0,Apache-2.0
k8s.io/kube-openapi@v0.0.0-20201113171705-d219536bb9fd,Apache-2.0
k8s.io/kubernetes@v1.12.0,Apache-2.0
k8s.io/utils@v0.0.0-20201110183641-67b214c5f920,Apache-2.0
sigs.k8s.io/structured-merge-diff/v4@v4.0.2,Apache-2.0
sigs.k8s.io/yaml@v1.2.0,"BSD-3-Clause, MIT"