Package Name,Version,License,Repository,Vendor URL,Copyright,Distributed to customer?
javax.inject-1.jar,1,Apache 2.0,https://github.com/javax-inject/javax-inject,,,no
commons-pool-1.6.jar,1.6,Apache 2.0,https://github.com/apache/commons-pool,,The Apache Software Foundation,no
annotations-12.0.jar,12,Apache 2.0,https://github.com/JetBrains/java-annotations,,JetBrains,no
jackson-mapper-asl-1.9.13.jar,1.9.13,Apache 2.0,https://github.com/codehaus/jackson,,,no
jackson-core-asl-1.9.13.jar,1.9.13,Apache 2.0,https://github.com/codehaus/jackson,,,no
jcommander-1.48.jar,1.48,Apache 2.0,https://github.com/cbeust/jcommander,https://jcommander.org/,Cedric Beust cedric@beust.com,no
guice-4.0.jar,4,Apache 2.0,https://github.com/google/guice,https://google.github.io/guice/api-docs/5.0.1/javadoc/index.html,Google,no
snappy-java-1.1.0-M3.jar,1.1.0-M3,Apache 2.0,https://github.com/xerial/snappy-java/,http://code.google.com/p/snappy/,,no
commons-collections-3.2.2.jar,3.2.2,Apache 2.0,https://github.com/apache/commons-collections,,The Apache Software Foundation,no
guice-multibindings-4.0.jar,4,Apache 2.0,https://github.com/google/guice,,Google,no
guice-assistedinject-4.0.jar,4,Apache 2.0,https://github.com/google/guice,,Google,no
gson-2.5.jar,2.5,Apache 2.0,https://github.com/google/gson,,Google,no
guice-throwingproviders-4.0.jar,4,Apache 2.0,https://github.com/google/guice,,Google,no
handlebars-4.0.6.jar,4.0.6,Apache 2.0,https://github.com/jknack/handlebars.java,,Edgar Espina,no
log4j-over-slf4j-1.7.15.jar,1.7.15,MIT,https://github.com/qos-ch/slf4j, QOS.ch,,no
joda-time-2.9.9.jar,2.9.9,Apache 2.0,https://github.com/JodaOrg/joda-time,,,no
jsr305-3.0.2.jar,3.0.2,BSD 2,https://code.google.com/archive/p/jsr-305/,https://jcp.org/en/jsr/detail?id=305,,no
jmxutils-1.19.jar,1.19,Apache 2.0,https://github.com/martint/jmxutils,,,no
j2objc-annotations-1.3.jar,1.3,Apache 2.0,https://github.com/google/j2objc,,,no
commons-lang3-3.7.jar,3.7,Apache 2.0,https://github.com/apache/commons-lang,,The Apache Software Foundation,no
audience-annotations-0.5.0.jar,0.5.0,Apache 2.0,https://github.com/apache/yetus,,The Apache Software Foundation,no
,,,,,,no
opentracing-api-0.31.0.jar,0.31.0,Apache 2.0,https://github.com/opentracing/opentracing-java,,,no
opentracing-util-0.31.0.jar,0.31.0,Apache 2.0,https://github.com/opentracing/opentracing-java,,,no
opentracing-noop-0.31.0.jar,0.31.0,Apache 2.0,https://github.com/opentracing/opentracing-java,,,no
libthrift-0.11.0.pom,0.11.0,Apache 2.0,https://github.com/apache/thrift,,The Apache Software Foundation,no
listenablefuture-9999.0-empty-to-avoid-conflict-with-guava.jar,9999.0-empty-to-avoid-conflict-with-guava,Apache 2.0,https://github.com/google/guava,,,no
failureaccess-1.0.1.jar,1.0.1,Apache 2.0,https://github.com/google/guava,,,no
curator-framework-2.13.0.jar,2.13.0,Apache 2.0,https://github.com/apache/curator,curator.apache.org,The Apache Software Foundation,no
curator-client-2.13.0.jar,2.13.0,Apache 2.0,https://github.com/apache/curator,curator.apache.org,The Apache Software Foundation,no
curator-recipes-2.13.0.jar,2.13.0,Apache 2.0,https://github.com/apache/curator,curator.apache.org,The Apache Software Foundation,no
commons-beanutils-1.9.4.jar,1.9.4,Apache 2.0,https://github.com/apache/commons-beanutils,,The Apache Software Foundation,no
jackson-core-2.9.10.jar,2.9.10,Apache 2.0,https://github.com/FasterXML/jackson-databind,,,no
jackson-annotations-2.9.10.jar,2.9.10,Apache 2.0,https://github.com/FasterXML/jackson-annotations,,,no
error_prone_annotations-2.3.4.jar,2.3.4,Apache 2.0,https://github.com/google/error-prone/releases,,,no
lz4-java-1.7.1.jar,1.7.1,Apache 2.0,https://github.com/lz4/lz4-java,,,no
commons-lang-2.6.jar,2.6,Apache 2.0,https://github.com/apache/commons-lang,,The Apache Software Foundation,no
commons-configuration-1.10.jar,1.1,Apache 2.0,https://github.com/apache/commons-configuration,,The Apache Software Foundation,no
commons-io-2.4.jar,2.4,Apache 2.0,https://github.com/apache/commons-io,,The Apache Software Foundation,no
commons-logging-1.2.jar,1.2,Apache 2.0,https://github.com/apache/commons-logging,,The Apache Software Foundation,no
curator-x-discovery-2.13.0.jar,2.13.0,Apache 2.0,https://github.com/apache/curator,,The Apache Software Foundation,no
failsafe-2.4.0.jar,2.4.0,Apache 2.0,https://github.com/failsafe-lib/failsafe,,,no
snappy-java-1.1.8.1.jar,1.1.8.1,Apache 2.0,https://github.com/xerial/snappy-java,,,no
guava-30.1-jre.jar,30.1-jre,Apache 2.0,https://github.com/google/guava,,,no
jackson-databind-2.9.10.8.jar,2.9.10.8,Apache 2.0,https://github.com/FasterXML/jackson-databind,,,no
zookeeper-3.5.9.jar,3.5.9,Apache 2.0,https://github.com/apache/zookeeper,,The Apache Software Foundation,no
zookeeper-jute-3.5.9.jar,3.5.9,Apache 2.0,https://github.com/apache/zookeeper,,The Apache Software Foundation,no
netty-transport-native-unix-common-4.1.60.Final.jar,4.1.60.Final,Apache 2.0,https://github.com/netty/netty,,The Netty Project,no
netty-transport-4.1.60.Final.jar,4.1.60.Final,Apache 2.0,https://github.com/netty/netty,,The Netty Project,no
netty-handler-4.1.60.Final.jar,4.1.60.Final,Apache 2.0,https://github.com/netty/netty,,The Netty Project,no
netty-common-4.1.60.Final.jar,4.1.60.Final,Apache 2.0,https://github.com/netty/netty,,The Netty Project,no
netty-transport-native-epoll-4.1.60.Final.jar,4.1.60.Final,Apache 2.0,https://github.com/netty/netty,https://github.com/netty/netty/wiki/Native-transports,The Netty Project,no
netty-resolver-4.1.60.Final.jar,4.1.60.Final,Apache 2.0,https://github.com/netty/netty,,The Netty Project,no
netty-buffer-4.1.60.Final.jar,4.1.60.Final,Apache 2.0,https://github.com/netty/netty,,The Netty Project,no
netty-codec-4.1.60.Final.jar,4.1.60.Final,Apache 2.0,https://github.com/netty/netty,,The Netty Project,no
kafka-clients-2.8.0.jar,2.8.0,Apache 2.0,https://github.com/apache/kafka,,The Apache Software Foundation,no
signalfx-codahale-1.0.11.jar,1.0.11,Apache 2.0,https://github.com/signalfx/signalfx-java,www.signalfx.com,,no
pmd-biased-language-1.0.1.jar,1.0.1,Apache 2.0,https://github.com/signalfx/pmd-biased-language,,,no
zero-allocation-hashing-0.2.jar,0.2,Apache 2.0,https://github.com/OpenHFT/Zero-Allocation-Hashing,,,no
opentracing-thrift-0.0.7.jar,0.0.7,Apache 2.0,https://github.com/opentracing-contrib/java-thrift,https://jarcasting.com/artifacts/io.opentracing.contrib/opentracing-thrift/,,no
javassist-3.21.0-GA.jar,3.21.0-GA,Mozilla 1.1,https://github.com/jboss-javassist/javassist,,,no
logstash-logback-encoder-4.11.jar,4.11,Apache 2.0,https://github.com/logstash/logstash-logback-encoder,,,no
asm-6.2.1.jar,6.2.1,BSD 3,https://gitlab.ow2.org/asm/asm,https://asm.ow2.io/,"INRIA, France Telecom",no
javacc-5.0.jar,5,BSD 3,https://github.com/JavaQualitasCorpus/javacc-5.0,,"Sun Microsystems, Inc.",no
zstd-jni-1.4.9-1.jar,1.4.9-1,BSD 2,https://github.com/luben/zstd-jni,,Luben Karavelov,no
hamcrest-core-1.3.jar,1.3,BSD 3,https://github.com/hamcrest/JavaHamcrest,,www.hamcrest.org,no
antlr4-runtime-4.5.3.jar,4.5.3,BSD 3,https://github.com/antlr/antlr4,,The ANTLR Project,no
antlr4-runtime-4.7.jar,4.7,BSD 3,https://github.com/antlr/antlr4,,The ANTLR Project,no
pmd-core-6.8.0.jar,6.8.0,BSD 3,https://github.com/pmd/pmd,"https://pmd.github.io/
 https://pmd.github.io/2018/09/30/PMD-6.8.0/",,no
pmd-java-6.8.0.jar,6.8.0,BSD 3,https://github.com/pmd/pmd,"https://pmd.github.io/
 https://pmd.github.io/2018/09/30/PMD-6.8.0/",,no
pmd-java-6.31.0.jar,6.31.0,BSD 3,https://github.com/pmd/pmd,,,no
protobuf-java-3.15.5.jar,3.15.5,BSD 3,https://github.com/protocolbuffers/protobuf,,Google Inc,no
dsl-json-1.9.8.jar,1.9.8,BSD 3,https://github.com/ngs-doo/dsl-json,,Nova Generacija Softvera d.o.o.,no
dsl-json-java8-1.9.8.jar,1.9.8,BSD 3,https://github.com/ngs-doo/dsl-json,,Nova Generacija Softvera d.o.o.,no
reflections-0.9.11.jar,0.9.11,BSD 3,https://github.com/ronmamo/reflections,,Sam Hocevar,no
javax.annotation-api-1.2.jar,1.2,GPL 2.0 Classpath and CDDL,https://github.com/javaee/javax.annotation,,,no
junit-4.12.jar,4.12,Eclipse 1.0,https://github.com/junit-team/junit4,,,no
logback-core-1.2.3.jar,1.2.3,Eclipse 1.0,https://github.com/qos-ch/logback,,QOS.ch,no
logback-classic-1.2.3.jar,1.2.3,Eclipse 1.0,https://github.com/qos-ch/logback,,QOS.ch,no
jchronic-0.2.6.jar,0.2.6,MIT,https://github.com/samtingleff/jchronic,,"Mike Schrag, Sam Tingleff",no
slf4j-api-1.7.25.jar,1.7.25,MIT,https://github.com/qos-ch/slf4j,,QOS.ch,no
slf4j-api-1.7.30.jar,1.7.30,MIT,https://github.com/qos-ch/slf4j,,QOS.ch,no
checker-qual-3.5.0.jar,3.5.0,GPL 2.0 Classpath and MIT,https://github.com/typetools/checker-framework,,Checker Framework developers,no
saxon-9.1.0.8.jar,9.1.0.8,"Mozilla 1.0., MPL 1.0",http://saxon.sourceforge.net/,,,no
rhino-1.7R4.jar,1.7R4,Mozilla 2.0,https://github.com/mozilla/rhino,,,no
aopalliance-1.0.jar,1,Public Domain,http://aopalliance.sourceforge.net/,,,no
signalfx-logs-1.0,1,Apache 2.0,https://github.com/signalfx/signalfx-java-tracing,,"Datadog, Inc; SignalFx, Inc",no
commons-concurrent-3.1.1,3.1.1,Apache 2.0,"https://mvnrepository.com/artifact/com.signalfx.public/signalfx-java
git@github.com:signalfx/signalfx-java.git
https://github.com/signalfx/o11y-java-packages/packages/424247",,,no
commons-guice-3.1.1,3.1.1,Apache 2.0,"https://mvnrepository.com/artifact/com.signalfx.public/signalfx-java
git@github.com:signalfx/signalfx-java.git
https://github.com/signalfx/o11y-java-packages/packages/424253",,,no
opentracing-kafka-client-1_1-0.0.11-sfx0,0.0.11-sfx0,Apache 2.0,https://github.com/signalfx/o11y-java-packages/packages/677076,,,no
kafka-disco-1.0-SNAPSHOT,1.0-SNAPSHOT,Apache 2.0,https://github.com/signalfx/o11y-java-packages/packages/677024,,,no
commons-thrift-3.1.1,3.1.1,Apache 2.0,https://github.com/signalfx/o11y-java-packages/packages/424248,,,no
commons-lang-3.1.1,3.1.1,Apache 2.0,https://github.com/signalfx/o11y-java-packages/packages/424246,,,no
opentracing-kafka-client-0.0.11-sfx0,0.0.11-sfx0,Apache 2.0,https://github.com/signalfx/o11y-java-packages/packages/677076,,,no
disco-config-3.1.1,3.1.1,Apache 2.0,https://github.com/signalfx/o11y-java-packages/packages/424245,,,no
concurrency-limits-core-0.3.6-sfx1,0.3.6-sfx1,Apache 2.0,https://github.com/signalfx/o11y-java-packages/packages/424259,,,no
core-intf-3.1.1,3.1.1,Apache 2.0,https://github.com/signalfx/o11y-java-packages/packages/424138,,,no
core-common-1.0-SNAPSHOT,1.0-SNAPSHOT,Apache 2.0,https://github.com/signalfx/o11y-java-packages/packages/677154,,,no
disco-3.1.1,3.1.1,Apache 2.0,https://github.com/signalfx/o11y-java-packages/packages/424140,,,no
commons-messaging-3.1.1,3.1.1,Apache 2.0,https://github.com/signalfx/o11y-java-packages/packages/424252,,,no
commons-limits-3.1.1,3.1.1,Apache 2.0,https://github.com/signalfx/o11y-java-packages/packages/424251,,,no
logging-lib-3.1.1,3.1.1,Apache 2.0,https://github.com/signalfx/o11y-java-packages/packages/424242,,,no
aopalliance-repackaged-2.5.0.jar*,,Eclipse 2.0 or GPL 2.0 Classpath,https://repo.maven.apache.org/maven2/org/glassfish/hk2/external/aopalliance-repackaged/2.5.0/aopalliance-repackaged-2.5.0.pom ,,,
,,,,,,
commons-codec-1.11.jar,,Apache 2.0,https://repo.maven.apache.org/maven2/commons-codec/commons-codec/1.11/commons-codec-1.11.pom ,,,
commons-codec-1.15.jar,,Apache 2.0,https://repository.apache.org/content/repositories/releases/commons-codec/commons-codec/1.15/commons-codec-1.15.pom ,,,
druidry-3.1.jar,,Apache 2.0,https://repo.maven.apache.org/maven2/in/zapr/druid/druidry/3.1/druidry-3.1.pom ,,,
hk2-api-2.5.0.jar*,,Eclipse 2.0 or GPL 2.0 Classpath,https://repo.maven.apache.org/maven2/org/glassfish/hk2/hk2-api/2.5.0/hk2-api-2.5.0.pom ,,,
hk2-locator-2.5.0.jar* ,,Eclipse 2.0 and GPL 2.0 Classpath,https://repo.maven.apache.org/maven2/org/glassfish/hk2/hk2-locator/2.5.0/hk2-locator-2.5.0.pom ,,,
hk2-utils-2.5.0.jar*,,Eclipse 2.0 and GPL 2.0 Classpath,https://repo.maven.apache.org/maven2/org/glassfish/hk2/hk2-utils/2.5.0/hk2-utils-2.5.0.pom,,,
httpclient-4.5.13.jar,,Apache 2.0,https://repo.maven.apache.org/maven2/org/apache/httpcomponents/httpclient/4.5.13/httpclient-4.5.13.pom ,,,
httpcore-4.4.13.jar,,Apache 2.0,https://repo.maven.apache.org/maven2/org/apache/httpcomponents/httpcore/4.4.13/httpcore-4.4.13.pom ,,,
jackson-annotations-2.11.1.jar,,Apache 2.0,https://repo.maven.apache.org/maven2/com/fasterxml/jackson/core/jackson-annotations/2.11.1/jackson-annotations-2.11.1.pom ,,,
jackson-core-2.11.1.jar,,Apache 2.0,https://repo.maven.apache.org/maven2/com/fasterxml/jackson/core/jackson-core/2.11.1/jackson-core-2.11.1.pom ,,,
jackson-databind-2.11.1.jar,,Apache 2.0,https://repo.maven.apache.org/maven2/com/fasterxml/jackson/core/jackson-databind/2.11.1/jackson-databind-2.11.1.pom ,,,
jackson-datatype-joda-2.9.10.jar,,Apache 2.0,https://repo.maven.apache.org/maven2/com/fasterxml/jackson/datatype/jackson-datatype-joda/2.9.10/jackson-datatype-joda-2.9.10.pom ,,,
jackson-module-jaxb-annotations-2.9.10.jar,,Apache 2.0,https://repo.maven.apache.org/maven2/com/fasterxml/jackson/module/jackson-module-jaxb-annotations/2.9.10/jackson-module-jaxb-annotations-2.9.10.pom ,,,
jakarta.annotation-api-1.3.4.jar*,,Eclipse 2.0 or GPL 2.0 Classpath,https://repo.maven.apache.org/maven2/jakarta/annotation/jakarta.annotation-api/1.3.4/jakarta.annotation-api-1.3.4.pom ,,,
jakarta.inject-2.5.0.jar*,,Eclipse 2.0 and GPL 2.0 Classpath,https://repo.maven.apache.org/maven2/org/glassfish/hk2/external/jakarta.inject/2.5.0/jakarta.inject-2.5.0.pom ,,,
jakarta.ws.rs-api-2.1.5.jar*,,Eclipse 2.0 and GPL 2.0 Classpath,https://repo.maven.apache.org/maven2/jakarta/ws/rs/jakarta.ws.rs-api/2.1.5/jakarta.ws.rs-api-2.1.5.pom ,,,
javassist-3.21.0-GA.jar*,,Apache 2.0,https://github.com/jboss-javassist/javassist,,,
javassist-3.21.0-GA.jar*,,LGPL 2.1,https://github.com/jboss-javassist/javassist,,,
javassist-3.22.0-CR2.jar*,,Apache 2.0,https://repo.maven.apache.org/maven2/org/javassist/javassist/3.22.0-CR2/javassist-3.22.0-CR2.pom ,,,
javassist-3.22.0-CR2.jar*,,LGPL 2.1,https://repo.maven.apache.org/maven2/org/javassist/javassist/3.22.0-CR2/javassist-3.22.0-CR2.pom ,,,
javassist-3.22.0-CR2.jar*,,Mozilla 1.1,https://repo.maven.apache.org/maven2/org/javassist/javassist/3.22.0-CR2/javassist-3.22.0-CR2.pom ,,,
javax.annotation-api-1.2.jar*,,CDDL 1.1,https://repo.maven.apache.org/maven2/javax/annotation/javax.annotation-api/1.2/javax.annotation-api-1.2.pom ,,,
jersey-apache-connector-2.28.jar*,,Eclipse 2.0 or GPL 2.0 Classpath,https://repo.maven.apache.org/maven2/org/glassfish/jersey/connectors/jersey-apache-connector/2.28/jersey-apache-connector-2.28.pom ,,,
jersey-client-2.28.jar*,,Eclipse 2.0 or GPL 2.0 Classpath,https://repo.maven.apache.org/maven2/org/glassfish/jersey/core/jersey-client/2.28/jersey-client-2.28.pom ,,,
jersey-common-2.28.jar*,,Eclipse 2.0 or GPL 2.0 Classpath,https://repo.maven.apache.org/maven2/org/glassfish/jersey/core/jersey-common/2.28/jersey-common-2.28.pom ,,,
jersey-entity-filtering-2.28.jar*,,Eclipse 2.0 or GPL 2.0 Classpath,https://repo.maven.apache.org/maven2/org/glassfish/jersey/ext/jersey-entity-filtering/2.28/jersey-entity-filtering-2.28.pom ,,,
jersey-hk2-2.28.jar*,,Eclipse 2.0 or GPL 2.0 Classpath,https://repo.maven.apache.org/maven2/org/glassfish/jersey/inject/jersey-hk2/2.28/jersey-hk2-2.28.pom ,,,
jersey-media-json-jackson-2.28.jar*,,Eclipse 2.0 or GPL 2.0 Classpath,https://repo.maven.apache.org/maven2/org/glassfish/jersey/media/jersey-media-json-jackson/2.28/jersey-media-json-jackson-2.28.pom ,,,
logback-classic-1.2.3.jar*,,LGPL 2.1,https://repo.maven.apache.org/maven2/ch/qos/logback/logback-classic/1.2.3/logback-classic-1.2.3.pom ,,,
logback-core-1.2.3.jar*,,LGPL 2.1,https://repo.maven.apache.org/maven2/ch/qos/logback/logback-core/1.2.3/logback-core-1.2.3.pom ,,,
logstash-logback-encoder-4.11.jar*,,MIT and Apache 2.0,https://repo.maven.apache.org/maven2/net/logstash/logback/logstash-logback-encoder/4.11/logstash-logback-encoder-4.11.pom ,,,
lombok-1.18.10.jar,,MIT,https://repo.maven.apache.org/maven2/org/projectlombok/lombok/1.18.10/lombok-1.18.10.pom ,,,
osgi-resource-locator-1.0.1.jar*,,GPL 2.0 Classpath or CDDL,https://repo.maven.apache.org/maven2/org/glassfish/hk2/osgi-resource-locator/1.0.1/osgi-resource-locator-1.0.1.pom ,,,
picocli-4.6.1.jar,,Apache 2.0,https://repo.maven.apache.org/maven2/info/picocli/picocli/4.6.1/picocli-4.6.1.pom ,,,
reflections-0.9.11.jar*,,WTFPL,http://repo.jfrog.org/artifactory/third-party-releases/org/reflections/reflections/0.9.11/reflections-0.9.11.jar ,,,
sf-pmd-1.1.3,,Apache 2.0,https://github.com/signalfx/pmd-biased-language,,,