Source,Registry,Dependency,License,Repository / Homepage
Linked repository,Github,https://github.com/open-telemetry/opentelemetry-js,Apache License 2.0,https://github.com/open-telemetry/opentelemetry-js
Linked repository,Github,https://github.com/open-telemetry/opentelemetry-js-contrib,Apache License 2.0,https://github.com/open-telemetry/opentelemetry-js-contrib
CI/CD,GH Actions,actions/checkout@v1,MIT,https://github.com/actions/checkout
CI/CD,GH Actions,actions/cache@v2,MIT,https://github.com/actions/cache
package.json,NPM,@babel/code-frame@7.12.11,MIT,https://github.com/babel/babel
package.json,NPM,@babel/compat-data@7.12.7,MIT,https://github.com/babel/babel
package.json,NPM,@babel/core@7.12.10,MIT,https://github.com/babel/babel
package.json,NPM,@babel/generator@7.12.11,MIT,https://github.com/babel/babel
package.json,NPM,@babel/helper-annotate-as-pure@7.12.10,MIT,https://github.com/babel/babel
package.json,NPM,@babel/helper-builder-binary-assignment-operator-visitor@7.10.4,MIT,https://github.com/babel/babel
package.json,NPM,@babel/helper-compilation-targets@7.12.5,MIT,https://github.com/babel/babel
package.json,NPM,@babel/helper-create-class-features-plugin@7.12.1,MIT,https://github.com/babel/babel
package.json,NPM,@babel/helper-create-regexp-features-plugin@7.12.7,MIT,https://github.com/babel/babel
package.json,NPM,@babel/helper-define-map@7.10.5,MIT,https://github.com/babel/babel
package.json,NPM,@babel/helper-explode-assignable-expression@7.12.1,MIT,https://github.com/babel/babel
package.json,NPM,@babel/helper-function-name@7.12.11,MIT,https://github.com/babel/babel
package.json,NPM,@babel/helper-get-function-arity@7.12.10,MIT,https://github.com/babel/babel
package.json,NPM,@babel/helper-hoist-variables@7.10.4,MIT,https://github.com/babel/babel
package.json,NPM,@babel/helper-member-expression-to-functions@7.12.7,MIT,https://github.com/babel/babel
package.json,NPM,@babel/helper-module-imports@7.12.5,MIT,https://github.com/babel/babel
package.json,NPM,@babel/helper-module-transforms@7.12.1,MIT,https://github.com/babel/babel
package.json,NPM,@babel/helper-optimise-call-expression@7.12.10,MIT,https://github.com/babel/babel
package.json,NPM,@babel/helper-plugin-utils@7.10.4,MIT,https://github.com/babel/babel
package.json,NPM,@babel/helper-remap-async-to-generator@7.12.1,MIT,https://github.com/babel/babel
package.json,NPM,@babel/helper-replace-supers@7.12.11,MIT,https://github.com/babel/babel
package.json,NPM,@babel/helper-simple-access@7.12.1,MIT,https://github.com/babel/babel
package.json,NPM,@babel/helper-skip-transparent-expression-wrappers@7.12.1,MIT,https://github.com/babel/babel
package.json,NPM,@babel/helper-split-export-declaration@7.12.11,MIT,https://github.com/babel/babel
package.json,NPM,@babel/helper-validator-identifier@7.12.11,MIT,https://github.com/babel/babel
package.json,NPM,@babel/helper-validator-option@7.12.11,MIT,https://github.com/babel/babel
package.json,NPM,@babel/helper-wrap-function@7.12.3,MIT,https://github.com/babel/babel
package.json,NPM,@babel/helpers@7.12.5,MIT,https://github.com/babel/babel
package.json,NPM,@babel/highlight@7.10.4,MIT,https://github.com/babel/babel
package.json,NPM,@babel/parser@7.12.11,MIT,https://github.com/babel/babel
package.json,NPM,@babel/plugin-proposal-async-generator-functions@7.12.12,MIT,https://github.com/babel/babel
package.json,NPM,@babel/plugin-proposal-class-properties@7.12.1,MIT,https://github.com/babel/babel
package.json,NPM,@babel/plugin-proposal-dynamic-import@7.12.1,MIT,https://github.com/babel/babel
package.json,NPM,@babel/plugin-proposal-export-namespace-from@7.12.1,MIT,https://github.com/babel/babel
package.json,NPM,@babel/plugin-proposal-json-strings@7.12.1,MIT,https://github.com/babel/babel
package.json,NPM,@babel/plugin-proposal-logical-assignment-operators@7.12.1,MIT,https://github.com/babel/babel
package.json,NPM,@babel/plugin-proposal-nullish-coalescing-operator@7.12.1,MIT,https://github.com/babel/babel
package.json,NPM,@babel/plugin-proposal-numeric-separator@7.12.7,MIT,https://github.com/babel/babel
package.json,NPM,@babel/plugin-proposal-object-rest-spread@7.12.1,MIT,https://github.com/babel/babel
package.json,NPM,@babel/plugin-proposal-optional-catch-binding@7.12.1,MIT,https://github.com/babel/babel
package.json,NPM,@babel/plugin-proposal-optional-chaining@7.12.7,MIT,https://github.com/babel/babel
package.json,NPM,@babel/plugin-proposal-private-methods@7.12.1,MIT,https://github.com/babel/babel
package.json,NPM,@babel/plugin-proposal-unicode-property-regex@7.12.1,MIT,https://github.com/babel/babel
package.json,NPM,@babel/plugin-syntax-async-generators@7.8.4,MIT,https://github.com/babel/babel/tree/master/packages/babel-plugin-syntax-async-generators
package.json,NPM,@babel/plugin-syntax-class-properties@7.12.1,MIT,https://github.com/babel/babel
package.json,NPM,@babel/plugin-syntax-dynamic-import@7.8.3,MIT,https://github.com/babel/babel/tree/master/packages/babel-plugin-syntax-dynamic-import
package.json,NPM,@babel/plugin-syntax-export-namespace-from@7.8.3,MIT,https://github.com/babel/babel/tree/master/packages/babel-plugin-syntax-export-namespace-from
package.json,NPM,@babel/plugin-syntax-json-strings@7.8.3,MIT,https://github.com/babel/babel/tree/master/packages/babel-plugin-syntax-json-strings
package.json,NPM,@babel/plugin-syntax-logical-assignment-operators@7.10.4,MIT,https://github.com/babel/babel
package.json,NPM,@babel/plugin-syntax-nullish-coalescing-operator@7.8.3,MIT,https://github.com/babel/babel/tree/master/packages/babel-plugin-syntax-nullish-coalescing-operator
package.json,NPM,@babel/plugin-syntax-numeric-separator@7.10.4,MIT,https://github.com/babel/babel
package.json,NPM,@babel/plugin-syntax-object-rest-spread@7.8.3,MIT,https://github.com/babel/babel/tree/master/packages/babel-plugin-syntax-object-rest-spread
package.json,NPM,@babel/plugin-syntax-optional-catch-binding@7.8.3,MIT,https://github.com/babel/babel/tree/master/packages/babel-plugin-syntax-optional-catch-binding
package.json,NPM,@babel/plugin-syntax-optional-chaining@7.8.3,MIT,https://github.com/babel/babel/tree/master/packages/babel-plugin-syntax-optional-chaining
package.json,NPM,@babel/plugin-syntax-top-level-await@7.12.1,MIT,https://github.com/babel/babel
package.json,NPM,@babel/plugin-transform-arrow-functions@7.12.1,MIT,https://github.com/babel/babel
package.json,NPM,@babel/plugin-transform-async-to-generator@7.12.1,MIT,https://github.com/babel/babel
package.json,NPM,@babel/plugin-transform-block-scoped-functions@7.12.1,MIT,https://github.com/babel/babel
package.json,NPM,@babel/plugin-transform-block-scoping@7.12.12,MIT,https://github.com/babel/babel
package.json,NPM,@babel/plugin-transform-classes@7.12.1,MIT,https://github.com/babel/babel
package.json,NPM,@babel/plugin-transform-computed-properties@7.12.1,MIT,https://github.com/babel/babel
package.json,NPM,@babel/plugin-transform-destructuring@7.12.1,MIT,https://github.com/babel/babel
package.json,NPM,@babel/plugin-transform-dotall-regex@7.12.1,MIT,https://github.com/babel/babel
package.json,NPM,@babel/plugin-transform-duplicate-keys@7.12.1,MIT,https://github.com/babel/babel
package.json,NPM,@babel/plugin-transform-exponentiation-operator@7.12.1,MIT,https://github.com/babel/babel
package.json,NPM,@babel/plugin-transform-for-of@7.12.1,MIT,https://github.com/babel/babel
package.json,NPM,@babel/plugin-transform-function-name@7.12.1,MIT,https://github.com/babel/babel
package.json,NPM,@babel/plugin-transform-literals@7.12.1,MIT,https://github.com/babel/babel
package.json,NPM,@babel/plugin-transform-member-expression-literals@7.12.1,MIT,https://github.com/babel/babel
package.json,NPM,@babel/plugin-transform-modules-amd@7.12.1,MIT,https://github.com/babel/babel
package.json,NPM,@babel/plugin-transform-modules-commonjs@7.12.1,MIT,https://github.com/babel/babel
package.json,NPM,@babel/plugin-transform-modules-systemjs@7.12.1,MIT,https://github.com/babel/babel
package.json,NPM,@babel/plugin-transform-modules-umd@7.12.1,MIT,https://github.com/babel/babel
package.json,NPM,@babel/plugin-transform-named-capturing-groups-regex@7.12.1,MIT,https://github.com/babel/babel
package.json,NPM,@babel/plugin-transform-new-target@7.12.1,MIT,https://github.com/babel/babel
package.json,NPM,@babel/plugin-transform-object-super@7.12.1,MIT,https://github.com/babel/babel
package.json,NPM,@babel/plugin-transform-parameters@7.12.1,MIT,https://github.com/babel/babel
package.json,NPM,@babel/plugin-transform-property-literals@7.12.1,MIT,https://github.com/babel/babel
package.json,NPM,@babel/plugin-transform-regenerator@7.12.1,MIT,https://github.com/babel/babel
package.json,NPM,@babel/plugin-transform-reserved-words@7.12.1,MIT,https://github.com/babel/babel
package.json,NPM,@babel/plugin-transform-shorthand-properties@7.12.1,MIT,https://github.com/babel/babel
package.json,NPM,@babel/plugin-transform-spread@7.12.1,MIT,https://github.com/babel/babel
package.json,NPM,@babel/plugin-transform-sticky-regex@7.12.7,MIT,https://github.com/babel/babel
package.json,NPM,@babel/plugin-transform-template-literals@7.12.1,MIT,https://github.com/babel/babel
package.json,NPM,@babel/plugin-transform-typeof-symbol@7.12.10,MIT,https://github.com/babel/babel
package.json,NPM,@babel/plugin-transform-unicode-escapes@7.12.1,MIT,https://github.com/babel/babel
package.json,NPM,@babel/plugin-transform-unicode-regex@7.12.1,MIT,https://github.com/babel/babel
package.json,NPM,@babel/preset-env@7.12.11,MIT,https://github.com/babel/babel
package.json,NPM,@babel/preset-modules@0.1.4,MIT,
package.json,NPM,@babel/runtime@7.12.5,MIT,https://github.com/babel/babel
package.json,NPM,@babel/template@7.12.7,MIT,https://github.com/babel/babel
package.json,NPM,@babel/traverse@7.12.12,MIT,https://github.com/babel/babel
package.json,NPM,@babel/types@7.12.12,MIT,https://github.com/babel/babel
package.json,NPM,@eslint/eslintrc@0.3.0,MIT,https://github.com/eslint/eslintrc
package.json,NPM,@istanbuljs/load-nyc-config@1.1.0,ISC,https://github.com/istanbuljs/load-nyc-config
package.json,NPM,@istanbuljs/schema@0.1.2,MIT,https://github.com/istanbuljs/schema
package.json,NPM,@nodelib/fs.scandir@2.1.4,MIT,https://github.com/nodelib/nodelib/tree/master/packages/fs/fs.scandir
package.json,NPM,@nodelib/fs.stat@2.0.4,MIT,https://github.com/nodelib/nodelib/tree/master/packages/fs/fs.stat
package.json,NPM,@nodelib/fs.walk@1.2.6,MIT,https://github.com/nodelib/nodelib/tree/master/packages/fs/fs.walk
package.json,NPM,@opentelemetry/api-metrics@0.15.0,Apache-2.0,https://github.com/open-telemetry/opentelemetry-js
package.json,NPM,@opentelemetry/api@0.14.0,Apache-2.0,https://github.com/open-telemetry/opentelemetry-js
package.json,NPM,@opentelemetry/api@0.15.0,Apache-2.0,https://github.com/open-telemetry/opentelemetry-js
package.json,NPM,@opentelemetry/context-base@0.14.0,Apache-2.0,https://github.com/open-telemetry/opentelemetry-js
package.json,NPM,@opentelemetry/context-base@0.15.0,Apache-2.0,https://github.com/open-telemetry/opentelemetry-js
package.json,NPM,@opentelemetry/core@0.14.0,Apache-2.0,https://github.com/open-telemetry/opentelemetry-js
package.json,NPM,@opentelemetry/core@0.15.0,Apache-2.0,https://github.com/open-telemetry/opentelemetry-js
package.json,NPM,@opentelemetry/instrumentation-fetch@0.15.0,Apache-2.0,https://github.com/open-telemetry/opentelemetry-js
package.json,NPM,@opentelemetry/instrumentation-xml-http-request@0.15.0,Apache-2.0,https://github.com/open-telemetry/opentelemetry-js
package.json,NPM,@opentelemetry/instrumentation@0.14.0,Apache-2.0,https://github.com/open-telemetry/opentelemetry-js
package.json,NPM,@opentelemetry/instrumentation@0.15.0,Apache-2.0,https://github.com/open-telemetry/opentelemetry-js
package.json,NPM,@opentelemetry/plugin-document-load@0.12.1,Apache-2.0,https://github.com/open-telemetry/opentelemetry-js
package.json,NPM,@opentelemetry/plugin-user-interaction@0.12.1,Apache-2.0,https://github.com/open-telemetry/opentelemetry-js
package.json,NPM,@opentelemetry/resources@0.14.0,Apache-2.0,https://github.com/open-telemetry/opentelemetry-js
package.json,NPM,@opentelemetry/resources@0.15.0,Apache-2.0,https://github.com/open-telemetry/opentelemetry-js
package.json,NPM,@opentelemetry/semantic-conventions@0.14.0,Apache-2.0,https://github.com/open-telemetry/opentelemetry-js
package.json,NPM,@opentelemetry/semantic-conventions@0.15.0,Apache-2.0,https://github.com/open-telemetry/opentelemetry-js
package.json,NPM,@opentelemetry/tracing@0.14.0,Apache-2.0,https://github.com/open-telemetry/opentelemetry-js
package.json,NPM,@opentelemetry/tracing@0.15.0,Apache-2.0,https://github.com/open-telemetry/opentelemetry-js
package.json,NPM,@opentelemetry/web@0.14.0,Apache-2.0,https://github.com/open-telemetry/opentelemetry-js
package.json,NPM,@opentelemetry/web@0.15.0,Apache-2.0,https://github.com/open-telemetry/opentelemetry-js
package.json,NPM,@rollup/plugin-alias@3.1.1,MIT,https://github.com/rollup/plugins
package.json,NPM,@rollup/plugin-babel@5.2.2,MIT,https://github.com/rollup/plugins
package.json,NPM,@rollup/plugin-commonjs@17.0.0,MIT,https://github.com/rollup/plugins
package.json,NPM,@rollup/plugin-json@4.1.0,MIT,https://github.com/rollup/plugins
package.json,NPM,@rollup/plugin-node-resolve@11.1.0,MIT,https://github.com/rollup/plugins
package.json,NPM,@rollup/pluginutils@3.1.0,MIT,https://github.com/rollup/plugins
package.json,NPM,@rollup/pluginutils@4.1.0,MIT,https://github.com/rollup/plugins
package.json,NPM,@sindresorhus/is@0.14.0,MIT,https://github.com/sindresorhus/is
package.json,NPM,@szmarczak/http-timer@1.1.2,MIT,https://github.com/szmarczak/http-timer
package.json,NPM,@testim/chrome-version@1.0.7,MIT,
package.json,NPM,@tootallnate/once@1.1.2,MIT,https://github.com/TooTallNate/once
package.json,NPM,@types/estree@0.0.39,MIT,https://github.com/DefinitelyTyped/DefinitelyTyped
package.json,NPM,@types/node@14.14.22,MIT,https://github.com/DefinitelyTyped/DefinitelyTyped
package.json,NPM,@types/resolve@1.17.1,MIT,https://github.com/DefinitelyTyped/DefinitelyTyped
package.json,NPM,@types/yauzl@2.9.1,MIT,https://github.com/DefinitelyTyped/DefinitelyTyped
package.json,NPM,@ungap/promise-all-settled@1.1.2,ISC,https://github.com/ungap/promise-all-settled
package.json,NPM,JSV@4.0.2,FreeBSD,https://github.com/garycourt/JSV
package.json,NPM,accepts@1.3.7,MIT,https://github.com/jshttp/accepts
package.json,NPM,acorn-jsx@5.3.1,MIT,https://github.com/acornjs/acorn-jsx
package.json,NPM,acorn@7.4.1,MIT,https://github.com/acornjs/acorn
package.json,NPM,adm-zip@0.4.16,MIT,https://github.com/cthackers/adm-zip
package.json,NPM,after@0.8.2,MIT,https://github.com/Raynos/after
package.json,NPM,agent-base@4.2.1,MIT,https://github.com/TooTallNate/node-agent-base
package.json,NPM,agent-base@4.3.0,MIT,https://github.com/TooTallNate/node-agent-base
package.json,NPM,agent-base@5.1.1,MIT,https://github.com/TooTallNate/node-agent-base
package.json,NPM,agent-base@6.0.2,MIT,https://github.com/TooTallNate/node-agent-base
package.json,NPM,aggregate-error@3.1.0,MIT,https://github.com/sindresorhus/aggregate-error
package.json,NPM,ajv@6.12.6,MIT,https://github.com/ajv-validator/ajv
package.json,NPM,ajv@7.0.3,MIT,https://github.com/ajv-validator/ajv
package.json,NPM,amdefine@1.0.1,BSD-3-Clause OR MIT,https://github.com/jrburke/amdefine
package.json,NPM,ansi-align@3.0.0,ISC,https://github.com/nexdrew/ansi-align
package.json,NPM,ansi-colors@3.2.3,MIT,https://github.com/doowb/ansi-colors
package.json,NPM,ansi-colors@4.1.1,MIT,https://github.com/doowb/ansi-colors
package.json,NPM,ansi-escapes@4.3.1,MIT,https://github.com/sindresorhus/ansi-escapes
package.json,NPM,ansi-regex@3.0.0,MIT,https://github.com/chalk/ansi-regex
package.json,NPM,ansi-regex@4.1.0,MIT,https://github.com/chalk/ansi-regex
package.json,NPM,ansi-regex@5.0.0,MIT,https://github.com/chalk/ansi-regex
package.json,NPM,ansi-styles@3.2.1,MIT,https://github.com/chalk/ansi-styles
package.json,NPM,ansi-styles@4.3.0,MIT,https://github.com/chalk/ansi-styles
package.json,NPM,anymatch@3.1.1,ISC,https://github.com/micromatch/anymatch
package.json,NPM,append-transform@2.0.0,MIT,https://github.com/istanbuljs/append-transform
package.json,NPM,archy@1.0.0,MIT,https://github.com/substack/node-archy
package.json,NPM,argparse@1.0.10,MIT,https://github.com/nodeca/argparse
package.json,NPM,argparse@2.0.1,Python-2.0,https://github.com/nodeca/argparse
package.json,NPM,argv@0.0.2,MIT*,
package.json,NPM,array-flatten@1.1.1,MIT,https://github.com/blakeembrey/array-flatten
package.json,NPM,array-union@2.1.0,MIT,https://github.com/sindresorhus/array-union
package.json,NPM,arraybuffer.slice@0.0.7,MIT,https://github.com/rase-/arraybuffer.slice
package.json,NPM,asn1@0.2.4,MIT,https://github.com/joyent/node-asn1
package.json,NPM,assert-plus@1.0.0,MIT,https://github.com/mcavage/node-assert-plus
package.json,NPM,assertion-error@1.0.0,MIT,https://github.com/chaijs/assertion-error
package.json,NPM,assertion-error@1.1.0,MIT,https://github.com/chaijs/assertion-error
package.json,NPM,ast-types@0.14.2,MIT,https://github.com/benjamn/ast-types
package.json,NPM,astral-regex@2.0.0,MIT,https://github.com/kevva/astral-regex
package.json,NPM,async-limiter@1.0.1,MIT,https://github.com/strml/async-limiter
package.json,NPM,async@3.2.0,MIT,https://github.com/caolan/async
package.json,NPM,asynckit@0.4.0,MIT,https://github.com/alexindigo/asynckit
package.json,NPM,aws-sign2@0.7.0,Apache-2.0,https://github.com/mikeal/aws-sign
package.json,NPM,aws4@1.11.0,MIT,https://github.com/mhart/aws4
package.json,NPM,axe-core@4.1.1,MPL-2.0,https://github.com/dequelabs/axe-core
package.json,NPM,axios@0.21.1,MIT,https://github.com/axios/axios
package.json,NPM,babel-plugin-dynamic-import-node@2.3.3,MIT,https://github.com/airbnb/babel-plugin-dynamic-import-node
package.json,NPM,backo2@1.0.2,MIT,https://github.com/mokesmokes/backo
package.json,NPM,balanced-match@1.0.0,MIT,https://github.com/juliangruber/balanced-match
package.json,NPM,base64-arraybuffer@0.1.4,MIT,https://github.com/niklasvh/base64-arraybuffer
package.json,NPM,base64-js@1.5.1,MIT,https://github.com/beatgammit/base64-js
package.json,NPM,base64id@2.0.0,MIT,https://github.com/faeldt/base64id
package.json,NPM,bcrypt-pbkdf@1.0.2,BSD-3-Clause,https://github.com/joyent/node-bcrypt-pbkdf
package.json,NPM,binary-extensions@2.2.0,MIT,https://github.com/sindresorhus/binary-extensions
package.json,NPM,bl@4.0.3,MIT,https://github.com/rvagg/bl
package.json,NPM,blob@0.0.5,MIT,https://github.com/webmodules/blob
package.json,NPM,bluebird@3.7.2,MIT,https://github.com/petkaantonov/bluebird
package.json,NPM,body-parser@1.19.0,MIT,https://github.com/expressjs/body-parser
package.json,NPM,boxen@4.2.0,MIT,https://github.com/sindresorhus/boxen
package.json,NPM,brace-expansion@1.1.11,MIT,https://github.com/juliangruber/brace-expansion
package.json,NPM,braces@3.0.2,MIT,https://github.com/micromatch/braces
package.json,NPM,browser-stdout@1.3.1,ISC,https://github.com/kumavis/browser-stdout
package.json,NPM,browserslist@4.16.1,MIT,https://github.com/browserslist/browserslist
package.json,NPM,browserstack-local@1.4.8,MIT,https://github.com/browserstack/browserstack-local-nodejs
package.json,NPM,buffer-crc32@0.2.13,MIT,https://github.com/brianloveswords/buffer-crc32
package.json,NPM,buffer-from@1.1.1,MIT,https://github.com/LinusU/buffer-from
package.json,NPM,buffer@5.7.1,MIT,https://github.com/feross/buffer
package.json,NPM,bufferutil@4.0.3,MIT,https://github.com/websockets/bufferutil
package.json,NPM,builtin-modules@3.2.0,MIT,https://github.com/sindresorhus/builtin-modules
package.json,NPM,bytes@3.0.0,MIT,https://github.com/visionmedia/bytes.js
package.json,NPM,bytes@3.1.0,MIT,https://github.com/visionmedia/bytes.js
package.json,NPM,cacheable-request@6.1.0,MIT,https://github.com/lukechilds/cacheable-request
package.json,NPM,caching-transform@4.0.0,MIT,https://github.com/istanbuljs/caching-transform
package.json,NPM,call-bind@1.0.2,MIT,https://github.com/ljharb/call-bind
package.json,NPM,callsites@3.1.0,MIT,https://github.com/sindresorhus/callsites
package.json,NPM,camelcase@5.3.1,MIT,https://github.com/sindresorhus/camelcase
package.json,NPM,camelcase@6.2.0,MIT,https://github.com/sindresorhus/camelcase
package.json,NPM,caniuse-lite@1.0.30001179,CC-BY-4.0,https://github.com/ben-eb/caniuse-lite
package.json,NPM,canonicalize@1.0.5,Apache-2.0,https://github.com/erdtman/canonicalize
package.json,NPM,capture-stack-trace@1.0.1,MIT,https://github.com/floatdrop/capture-stack-trace
package.json,NPM,caseless@0.12.0,Apache-2.0,https://github.com/mikeal/caseless
package.json,NPM,chai-nightwatch@0.4.0,MIT,https://github.com/beatfactor/chai
package.json,NPM,chalk@2.4.2,MIT,https://github.com/chalk/chalk
package.json,NPM,chalk@3.0.0,MIT,https://github.com/chalk/chalk
package.json,NPM,chalk@4.1.0,MIT,https://github.com/chalk/chalk
package.json,NPM,chardet@0.7.0,MIT,https://github.com/runk/node-chardet
package.json,NPM,charenc@0.0.2,BSD-3-Clause,https://github.com/pvorb/node-charenc
package.json,NPM,chokidar@3.4.3,MIT,https://github.com/paulmillr/chokidar
package.json,NPM,chokidar@3.5.1,MIT,https://github.com/paulmillr/chokidar
package.json,NPM,chownr@1.1.4,ISC,https://github.com/isaacs/chownr
package.json,NPM,chownr@2.0.0,ISC,https://github.com/isaacs/chownr
package.json,NPM,chrome-launcher@0.13.4,Apache-2.0,https://github.com/GoogleChrome/chrome-launcher
package.json,NPM,chromedriver@87.0.7,Apache-2.0,https://github.com/giggio/node-chromedriver
package.json,NPM,ci-info@2.0.0,MIT,https://github.com/watson/ci-info
package.json,NPM,clean-stack@2.2.0,MIT,https://github.com/sindresorhus/clean-stack
package.json,NPM,cli-boxes@2.2.1,MIT,https://github.com/sindresorhus/cli-boxes
package.json,NPM,cli-cursor@3.1.0,MIT,https://github.com/sindresorhus/cli-cursor
package.json,NPM,cli-spinners@2.5.0,MIT,https://github.com/sindresorhus/cli-spinners
package.json,NPM,cli-width@3.0.0,ISC,https://github.com/knownasilya/cli-width
package.json,NPM,cliui@5.0.0,ISC,https://github.com/yargs/cliui
package.json,NPM,cliui@6.0.0,ISC,https://github.com/yargs/cliui
package.json,NPM,cliui@7.0.4,ISC,https://github.com/yargs/cliui
package.json,NPM,clone-response@1.0.2,MIT,https://github.com/lukechilds/clone-response
package.json,NPM,clone@1.0.4,MIT,https://github.com/pvorb/node-clone
package.json,NPM,co@4.6.0,MIT,https://github.com/tj/co
package.json,NPM,codecov@3.8.1,MIT,https://github.com/codecov/codecov-node
package.json,NPM,color-convert@1.9.3,MIT,https://github.com/Qix-/color-convert
package.json,NPM,color-convert@2.0.1,MIT,https://github.com/Qix-/color-convert
package.json,NPM,color-name@1.1.3,MIT,https://github.com/dfcreative/color-name
package.json,NPM,color-name@1.1.4,MIT,https://github.com/colorjs/color-name
package.json,NPM,colorette@1.2.1,MIT,https://github.com/jorgebucaran/colorette
package.json,NPM,colors@1.4.0,MIT,https://github.com/Marak/colors.js
package.json,NPM,combined-stream@1.0.8,MIT,https://github.com/felixge/node-combined-stream
package.json,NPM,commander@2.20.3,MIT,https://github.com/tj/commander.js
package.json,NPM,commander@6.2.1,MIT,https://github.com/tj/commander.js
package.json,NPM,commondir@1.0.1,MIT,https://github.com/substack/node-commondir
package.json,NPM,component-bind@1.0.0,MIT*,https://github.com/component/bind
package.json,NPM,component-emitter@1.2.1,MIT,https://github.com/component/emitter
package.json,NPM,component-emitter@1.3.0,MIT,https://github.com/component/emitter
package.json,NPM,component-inherit@0.0.3,MIT*,https://github.com/component/inherit
package.json,NPM,compressible@2.0.18,MIT,https://github.com/jshttp/compressible
package.json,NPM,compression@1.7.4,MIT,https://github.com/expressjs/compression
package.json,NPM,concat-map@0.0.1,MIT,https://github.com/substack/node-concat-map
package.json,NPM,configstore@5.0.1,BSD-2-Clause,https://github.com/yeoman/configstore
package.json,NPM,connect@3.7.0,MIT,https://github.com/senchalabs/connect
package.json,NPM,content-disposition@0.5.3,MIT,https://github.com/jshttp/content-disposition
package.json,NPM,content-type@1.0.4,MIT,https://github.com/jshttp/content-type
package.json,NPM,convert-source-map@1.7.0,MIT,https://github.com/thlorenz/convert-source-map
package.json,NPM,cookie-signature@1.0.6,MIT,https://github.com/visionmedia/node-cookie-signature
package.json,NPM,cookie@0.3.1,MIT,https://github.com/jshttp/cookie
package.json,NPM,cookie@0.4.0,MIT,https://github.com/jshttp/cookie
package.json,NPM,cookie@0.4.1,MIT,https://github.com/jshttp/cookie
package.json,NPM,core-js-compat@3.8.3,MIT,https://github.com/zloirock/core-js
package.json,NPM,core-util-is@1.0.2,MIT,https://github.com/isaacs/core-util-is
package.json,NPM,create-error-class@3.0.2,MIT,https://github.com/floatdrop/create-error-class
package.json,NPM,cross-spawn@6.0.5,MIT,https://github.com/moxystudio/node-cross-spawn
package.json,NPM,cross-spawn@7.0.3,MIT,https://github.com/moxystudio/node-cross-spawn
package.json,NPM,crypt@0.0.2,BSD-3-Clause,https://github.com/pvorb/node-crypt
package.json,NPM,crypto-random-string@2.0.0,MIT,https://github.com/sindresorhus/crypto-random-string
package.json,NPM,cssom@0.3.8,MIT,https://github.com/NV/CSSOM
package.json,NPM,cssstyle@1.2.1,MIT,https://github.com/jsakas/CSSStyleDeclaration
package.json,NPM,custom-event@1.0.1,MIT,https://github.com/webmodules/custom-event
package.json,NPM,d@1.0.1,ISC,https://github.com/medikoo/d
package.json,NPM,dashdash@1.14.1,MIT,https://github.com/trentm/node-dashdash
package.json,NPM,data-uri-to-buffer@1.2.0,MIT,https://github.com/TooTallNate/node-data-uri-to-buffer
package.json,NPM,date-format@2.1.0,MIT,https://github.com/nomiddlename/date-format
package.json,NPM,date-format@3.0.0,MIT,https://github.com/nomiddlename/date-format
package.json,NPM,debounce@1.2.0,MIT,https://github.com/component/debounce
package.json,NPM,debug@2.6.9,MIT,https://github.com/visionmedia/debug
package.json,NPM,debug@3.1.0,MIT,https://github.com/visionmedia/debug
package.json,NPM,debug@3.2.6,MIT,https://github.com/visionmedia/debug
package.json,NPM,debug@3.2.7,MIT,https://github.com/visionmedia/debug
package.json,NPM,debug@4.1.1,MIT,https://github.com/visionmedia/debug
package.json,NPM,debug@4.2.0,MIT,https://github.com/visionmedia/debug
package.json,NPM,debug@4.3.1,MIT,https://github.com/visionmedia/debug
package.json,NPM,decamelize@1.2.0,MIT,https://github.com/sindresorhus/decamelize
package.json,NPM,decamelize@4.0.0,MIT,https://github.com/sindresorhus/decamelize
package.json,NPM,decompress-response@3.3.0,MIT,https://github.com/sindresorhus/decompress-response
package.json,NPM,deep-eql@0.1.3,MIT,https://github.com/chaijs/deep-eql
package.json,NPM,deep-extend@0.6.0,MIT,https://github.com/unclechu/node-deep-extend
package.json,NPM,deep-is@0.1.3,MIT,https://github.com/thlorenz/deep-is
package.json,NPM,deepmerge@4.2.2,MIT,https://github.com/TehShrike/deepmerge
package.json,NPM,default-require-extensions@3.0.0,MIT,https://github.com/avajs/default-require-extensions
package.json,NPM,defaults@1.0.3,MIT,https://github.com/tmpvar/defaults
package.json,NPM,defer-to-connect@1.1.3,MIT,https://github.com/szmarczak/defer-to-connect
package.json,NPM,define-properties@1.1.3,MIT,https://github.com/ljharb/define-properties
package.json,NPM,degenerator@1.0.4,MIT,https://github.com/TooTallNate/node-degenerator
package.json,NPM,del@6.0.0,MIT,https://github.com/sindresorhus/del
package.json,NPM,delayed-stream@1.0.0,MIT,https://github.com/felixge/node-delayed-stream
package.json,NPM,depd@1.1.2,MIT,https://github.com/dougwilson/nodejs-depd
package.json,NPM,destroy@1.0.4,MIT,https://github.com/stream-utils/destroy
package.json,NPM,details-element-polyfill@2.4.0,MIT,https://github.com/javan/details-element-polyfill
package.json,NPM,devtools-protocol@0.0.818844,BSD-3-Clause,https://github.com/ChromeDevTools/devtools-protocol
package.json,NPM,di@0.0.1,MIT,https://github.com/vojtajina/node-di
package.json,NPM,diff@3.5.0,BSD-3-Clause,https://github.com/kpdecker/jsdiff
package.json,NPM,diff@4.0.2,BSD-3-Clause,https://github.com/kpdecker/jsdiff
package.json,NPM,dir-glob@3.0.1,MIT,https://github.com/kevva/dir-glob
package.json,NPM,doctrine@3.0.0,Apache-2.0,https://github.com/eslint/doctrine
package.json,NPM,dom-serialize@2.2.1,MIT,https://github.com/webmodules/dom-serialize
package.json,NPM,dot-prop@5.3.0,MIT,https://github.com/sindresorhus/dot-prop
package.json,NPM,dotenv@7.0.0,BSD-2-Clause,https://github.com/motdotla/dotenv
package.json,NPM,dotenv@8.2.0,BSD-2-Clause,https://github.com/motdotla/dotenv
package.json,NPM,duplexer2@0.1.4,BSD-3-Clause,https://github.com/deoxxa/duplexer2
package.json,NPM,duplexer3@0.1.4,BSD-3-Clause,https://github.com/floatdrop/duplexer3
package.json,NPM,duplexer@0.1.2,MIT,https://github.com/Raynos/duplexer
package.json,NPM,ecc-jsbn@0.1.2,MIT,https://github.com/quartzjer/ecc-jsbn
package.json,NPM,ee-first@1.1.1,MIT,https://github.com/jonathanong/ee-first
package.json,NPM,ejs@2.7.4,Apache-2.0,https://github.com/mde/ejs
package.json,NPM,electron-to-chromium@1.3.645,ISC,https://github.com/kilian/electron-to-chromium
package.json,NPM,emoji-regex@7.0.3,MIT,https://github.com/mathiasbynens/emoji-regex
package.json,NPM,emoji-regex@8.0.0,MIT,https://github.com/mathiasbynens/emoji-regex
package.json,NPM,encodeurl@1.0.2,MIT,https://github.com/pillarjs/encodeurl
package.json,NPM,end-of-stream@1.4.4,MIT,https://github.com/mafintosh/end-of-stream
package.json,NPM,engine.io-client@3.5.0,MIT,https://github.com/socketio/engine.io-client
package.json,NPM,engine.io-parser@2.2.1,MIT,https://github.com/socketio/engine.io-parser
package.json,NPM,engine.io@3.5.0,MIT,https://github.com/socketio/engine.io
package.json,NPM,enquirer@2.3.6,MIT,https://github.com/enquirer/enquirer
package.json,NPM,ent@2.2.0,MIT,https://github.com/substack/node-ent
package.json,NPM,entities@2.0.3,BSD-2-Clause,https://github.com/fb55/entities
package.json,NPM,envinfo@7.7.3,MIT,https://github.com/tabrindle/envinfo
package.json,NPM,error-ex@1.3.2,MIT,https://github.com/qix-/node-error-ex
package.json,NPM,es-abstract@1.18.0-next.2,MIT,https://github.com/ljharb/es-abstract
package.json,NPM,es-to-primitive@1.2.1,MIT,https://github.com/ljharb/es-to-primitive
package.json,NPM,es5-ext@0.10.53,ISC,https://github.com/medikoo/es5-ext
package.json,NPM,es6-error@4.1.1,MIT,https://github.com/bjyoungblood/es6-error
package.json,NPM,es6-iterator@2.0.3,MIT,https://github.com/medikoo/es6-iterator
package.json,NPM,es6-promise@4.2.8,MIT,https://github.com/stefanpenner/es6-promise
package.json,NPM,es6-promisify@5.0.0,MIT,https://github.com/digitaldesignlabs/es6-promisify
package.json,NPM,es6-symbol@3.1.3,ISC,https://github.com/medikoo/es6-symbol
package.json,NPM,escalade@3.1.1,MIT,https://github.com/lukeed/escalade
package.json,NPM,escape-goat@2.1.1,MIT,https://github.com/sindresorhus/escape-goat
package.json,NPM,escape-html@1.0.3,MIT,https://github.com/component/escape-html
package.json,NPM,escape-string-regexp@1.0.5,MIT,https://github.com/sindresorhus/escape-string-regexp
package.json,NPM,escape-string-regexp@4.0.0,MIT,https://github.com/sindresorhus/escape-string-regexp
package.json,NPM,escodegen@1.14.3,BSD-2-Clause,https://github.com/estools/escodegen
package.json,NPM,eslint-plugin-header@3.1.0,MIT,https://github.com/Stuk/eslint-plugin-header
package.json,NPM,eslint-scope@5.1.1,BSD-2-Clause,https://github.com/eslint/eslint-scope
package.json,NPM,eslint-utils@2.1.0,MIT,https://github.com/mysticatea/eslint-utils
package.json,NPM,eslint-visitor-keys@1.3.0,Apache-2.0,https://github.com/eslint/eslint-visitor-keys
package.json,NPM,eslint-visitor-keys@2.0.0,Apache-2.0,https://github.com/eslint/eslint-visitor-keys
package.json,NPM,eslint@7.18.0,MIT,https://github.com/eslint/eslint
package.json,NPM,espree@7.3.1,BSD-2-Clause,https://github.com/eslint/espree
package.json,NPM,esprima@1.2.5,BSD,https://github.com/ariya/esprima
package.json,NPM,esprima@3.1.3,BSD-2-Clause,https://github.com/jquery/esprima
package.json,NPM,esprima@4.0.1,BSD-2-Clause,https://github.com/jquery/esprima
package.json,NPM,esquery@1.3.1,BSD-3-Clause,https://github.com/estools/esquery
package.json,NPM,esrecurse@4.3.0,BSD-2-Clause,https://github.com/estools/esrecurse
package.json,NPM,estraverse@4.3.0,BSD-2-Clause,https://github.com/estools/estraverse
package.json,NPM,estraverse@5.2.0,BSD-2-Clause,https://github.com/estools/estraverse
package.json,NPM,estree-walker@0.6.1,MIT,https://github.com/Rich-Harris/estree-walker
package.json,NPM,estree-walker@1.0.1,MIT,https://github.com/Rich-Harris/estree-walker
package.json,NPM,estree-walker@2.0.2,MIT,https://github.com/Rich-Harris/estree-walker
package.json,NPM,esutils@2.0.3,BSD-2-Clause,https://github.com/estools/esutils
package.json,NPM,etag@1.8.1,MIT,https://github.com/jshttp/etag
package.json,NPM,event-stream@3.3.4,MIT,https://github.com/dominictarr/event-stream
package.json,NPM,eventemitter3@4.0.7,MIT,https://github.com/primus/eventemitter3
package.json,NPM,express@4.17.1,MIT,https://github.com/expressjs/express
package.json,NPM,ext@1.4.0,ISC,https://github.com/medikoo/es5-ext/tree/ext
package.json,NPM,extend@3.0.2,MIT,https://github.com/justmoon/node-extend
package.json,NPM,external-editor@3.1.0,MIT,https://github.com/mrkmg/node-external-editor
package.json,NPM,extract-zip@2.0.1,BSD-2-Clause,https://github.com/maxogden/extract-zip
package.json,NPM,extsprintf@1.3.0,MIT,https://github.com/davepacheco/node-extsprintf
package.json,NPM,fast-deep-equal@3.1.3,MIT,https://github.com/epoberezkin/fast-deep-equal
package.json,NPM,fast-glob@3.2.5,MIT,https://github.com/mrmlnc/fast-glob
package.json,NPM,fast-json-stable-stringify@2.1.0,MIT,https://github.com/epoberezkin/fast-json-stable-stringify
package.json,NPM,fast-levenshtein@2.0.6,MIT,https://github.com/hiddentao/fast-levenshtein
package.json,NPM,fastq@1.10.0,ISC,https://github.com/mcollina/fastq
package.json,NPM,fd-slicer@1.1.0,MIT,https://github.com/andrewrk/node-fd-slicer
package.json,NPM,figures@3.2.0,MIT,https://github.com/sindresorhus/figures
package.json,NPM,file-entry-cache@6.0.0,MIT,https://github.com/royriojas/file-entry-cache
package.json,NPM,file-uri-to-path@1.0.0,MIT,https://github.com/TooTallNate/file-uri-to-path
package.json,NPM,fill-range@7.0.1,MIT,https://github.com/jonschlinkert/fill-range
package.json,NPM,finalhandler@1.1.2,MIT,https://github.com/pillarjs/finalhandler
package.json,NPM,find-cache-dir@3.3.1,MIT,https://github.com/avajs/find-cache-dir
package.json,NPM,find-up@3.0.0,MIT,https://github.com/sindresorhus/find-up
package.json,NPM,find-up@4.1.0,MIT,https://github.com/sindresorhus/find-up
package.json,NPM,find-up@5.0.0,MIT,https://github.com/sindresorhus/find-up
package.json,NPM,flat-cache@3.0.4,MIT,https://github.com/royriojas/flat-cache
package.json,NPM,flat@4.1.1,BSD-3-Clause,https://github.com/hughsk/flat
package.json,NPM,flat@5.0.2,BSD-3-Clause,https://github.com/hughsk/flat
package.json,NPM,flatted@2.0.2,ISC,https://github.com/WebReflection/flatted
package.json,NPM,flatted@3.1.1,ISC,https://github.com/WebReflection/flatted
package.json,NPM,follow-redirects@1.13.2,MIT,https://github.com/follow-redirects/follow-redirects
package.json,NPM,foreground-child@2.0.0,ISC,https://github.com/tapjs/foreground-child
package.json,NPM,forever-agent@0.6.1,Apache-2.0,https://github.com/mikeal/forever-agent
package.json,NPM,form-data@2.3.3,MIT,https://github.com/form-data/form-data
package.json,NPM,forwarded@0.1.2,MIT,https://github.com/jshttp/forwarded
package.json,NPM,fresh@0.5.2,MIT,https://github.com/jshttp/fresh
package.json,NPM,from@0.1.7,MIT,https://github.com/dominictarr/from
package.json,NPM,fromentries@1.3.2,MIT,https://github.com/feross/fromentries
package.json,NPM,fs-constants@1.0.0,MIT,https://github.com/mafintosh/fs-constants
package.json,NPM,fs-extra@8.1.0,MIT,https://github.com/jprichardson/node-fs-extra
package.json,NPM,fs-minipass@2.1.0,ISC,https://github.com/npm/fs-minipass
package.json,NPM,fs.realpath@1.0.0,ISC,https://github.com/isaacs/fs.realpath
package.json,NPM,fsevents@2.1.3,MIT,https://github.com/fsevents/fsevents
package.json,NPM,fsevents@2.3.1,MIT,https://github.com/fsevents/fsevents
package.json,NPM,ftp@0.3.10,MIT,https://github.com/mscdex/node-ftp
package.json,NPM,function-bind@1.1.1,MIT,https://github.com/Raynos/function-bind
package.json,NPM,functional-red-black-tree@1.0.1,MIT,https://github.com/mikolalysenko/functional-red-black-tree
package.json,NPM,geckodriver@1.22.1,MPL-2.0,https://github.com/vladikoff/node-geckodriver
package.json,NPM,generate-source-map@0.0.5,MIT,https://github.com/thibauts/node-generate-source-map
package.json,NPM,gensync@1.0.0-beta.2,MIT,https://github.com/loganfsmyth/gensync
package.json,NPM,get-caller-file@2.0.5,ISC,https://github.com/stefanpenner/get-caller-file
package.json,NPM,get-intrinsic@1.1.0,MIT,https://github.com/ljharb/get-intrinsic
package.json,NPM,get-package-type@0.1.0,MIT,https://github.com/cfware/get-package-type
package.json,NPM,get-stdin@8.0.0,MIT,https://github.com/sindresorhus/get-stdin
package.json,NPM,get-stream@4.1.0,MIT,https://github.com/sindresorhus/get-stream
package.json,NPM,get-stream@5.2.0,MIT,https://github.com/sindresorhus/get-stream
package.json,NPM,get-uri@2.0.4,MIT,https://github.com/TooTallNate/node-get-uri
package.json,NPM,getpass@0.1.7,MIT,https://github.com/arekinath/node-getpass
package.json,NPM,glob-parent@5.1.1,ISC,https://github.com/gulpjs/glob-parent
package.json,NPM,glob@7.1.3,ISC,https://github.com/isaacs/node-glob
package.json,NPM,glob@7.1.6,ISC,https://github.com/isaacs/node-glob
package.json,NPM,global-dirs@2.1.0,MIT,https://github.com/sindresorhus/global-dirs
package.json,NPM,globals@11.12.0,MIT,https://github.com/sindresorhus/globals
package.json,NPM,globals@12.4.0,MIT,https://github.com/sindresorhus/globals
package.json,NPM,globby@11.0.2,MIT,https://github.com/sindresorhus/globby
package.json,NPM,got@5.6.0,MIT,https://github.com/sindresorhus/got
package.json,NPM,got@9.6.0,MIT,https://github.com/sindresorhus/got
package.json,NPM,graceful-fs@4.2.4,ISC,https://github.com/isaacs/node-graceful-fs
package.json,NPM,growl@1.10.5,MIT,https://github.com/tj/node-growl
package.json,NPM,har-schema@2.0.0,ISC,https://github.com/ahmadnassri/har-schema
package.json,NPM,har-validator@5.1.5,MIT,https://github.com/ahmadnassri/node-har-validator
package.json,NPM,has-binary2@1.0.3,MIT,
package.json,NPM,has-cors@1.1.0,MIT,https://github.com/component/has-cors
package.json,NPM,has-flag@3.0.0,MIT,https://github.com/sindresorhus/has-flag
package.json,NPM,has-flag@4.0.0,MIT,https://github.com/sindresorhus/has-flag
package.json,NPM,has-symbols@1.0.1,MIT,https://github.com/ljharb/has-symbols
package.json,NPM,has-yarn@2.1.0,MIT,https://github.com/sindresorhus/has-yarn
package.json,NPM,has@1.0.3,MIT,https://github.com/tarruda/has
package.json,NPM,hasha@5.2.2,MIT,https://github.com/sindresorhus/hasha
package.json,NPM,he@1.2.0,MIT,https://github.com/mathiasbynens/he
package.json,NPM,hosted-git-info@2.8.8,ISC,https://github.com/npm/hosted-git-info
package.json,NPM,html-escaper@2.0.2,MIT,https://github.com/WebReflection/html-escaper
package.json,NPM,http-cache-semantics@4.1.0,BSD-2-Clause,https://github.com/kornelski/http-cache-semantics
package.json,NPM,http-errors@1.7.2,MIT,https://github.com/jshttp/http-errors
package.json,NPM,http-link-header@0.8.0,MIT,https://github.com/jhermsmeier/node-http-link-header
package.json,NPM,http-mitm-proxy@0.9.0,MIT,https://github.com/joeferner/node-http-mitm-proxy
package.json,NPM,http-proxy-agent@2.1.0,MIT,https://github.com/TooTallNate/node-http-proxy-agent
package.json,NPM,http-proxy-agent@4.0.1,MIT,https://github.com/TooTallNate/node-http-proxy-agent
package.json,NPM,http-proxy@1.18.1,MIT,https://github.com/http-party/node-http-proxy
package.json,NPM,http-signature@1.2.0,MIT,https://github.com/joyent/node-http-signature
package.json,NPM,https-proxy-agent@3.0.1,MIT,https://github.com/TooTallNate/node-https-proxy-agent
package.json,NPM,https-proxy-agent@4.0.0,MIT,https://github.com/TooTallNate/node-https-proxy-agent
package.json,NPM,https-proxy-agent@5.0.0,MIT,https://github.com/TooTallNate/node-https-proxy-agent
package.json,NPM,iconv-lite@0.4.24,MIT,https://github.com/ashtuchkin/iconv-lite
package.json,NPM,ieee754@1.2.1,BSD-3-Clause,https://github.com/feross/ieee754
package.json,NPM,ignore-walk@3.0.3,ISC,https://github.com/isaacs/ignore-walk
package.json,NPM,ignore@4.0.6,MIT,https://github.com/kaelzhang/node-ignore
package.json,NPM,ignore@5.1.8,MIT,https://github.com/kaelzhang/node-ignore
package.json,NPM,image-ssim@0.2.0,MIT,https://github.com/darosh/image-ssim-js
package.json,NPM,import-fresh@3.3.0,MIT,https://github.com/sindresorhus/import-fresh
package.json,NPM,import-lazy@2.1.0,MIT,https://github.com/sindresorhus/import-lazy
package.json,NPM,imurmurhash@0.1.4,MIT,https://github.com/jensyt/imurmurhash-js
package.json,NPM,indent-string@4.0.0,MIT,https://github.com/sindresorhus/indent-string
package.json,NPM,indexof@0.0.1,MIT*,
package.json,NPM,inflight@1.0.6,ISC,https://github.com/npm/inflight
package.json,NPM,inherits@2.0.3,ISC,https://github.com/isaacs/inherits
package.json,NPM,inherits@2.0.4,ISC,https://github.com/isaacs/inherits
package.json,NPM,ini@1.3.7,ISC,https://github.com/isaacs/ini
package.json,NPM,inquirer@7.3.3,MIT,https://github.com/SBoudrias/Inquirer.js
package.json,NPM,intl-messageformat-parser@1.8.1,BSD-3-Clause,https://github.com/formatjs/formatjs
package.json,NPM,intl-messageformat@4.4.0,BSD-3-Clause,https://github.com/formatjs/formatjs
package.json,NPM,intl-pluralrules@1.2.2,ISC,https://github.com/eemeli/intl-pluralrules
package.json,NPM,intl@1.2.5,MIT,https://github.com/andyearnshaw/Intl.js
package.json,NPM,ip-regex@4.3.0,MIT,https://github.com/sindresorhus/ip-regex
package.json,NPM,ip@1.1.5,MIT,https://github.com/indutny/node-ip
package.json,NPM,ipaddr.js@1.9.1,MIT,https://github.com/whitequark/ipaddr.js
package.json,NPM,is-arrayish@0.2.1,MIT,https://github.com/qix-/node-is-arrayish
package.json,NPM,is-binary-path@2.1.0,MIT,https://github.com/sindresorhus/is-binary-path
package.json,NPM,is-buffer@1.1.6,MIT,https://github.com/feross/is-buffer
package.json,NPM,is-buffer@2.0.5,MIT,https://github.com/feross/is-buffer
package.json,NPM,is-callable@1.2.2,MIT,https://github.com/ljharb/is-callable
package.json,NPM,is-ci@2.0.0,MIT,https://github.com/watson/is-ci
package.json,NPM,is-core-module@2.2.0,MIT,https://github.com/inspect-js/is-core-module
package.json,NPM,is-date-object@1.0.2,MIT,https://github.com/ljharb/is-date-object
package.json,NPM,is-docker@2.1.1,MIT,https://github.com/sindresorhus/is-docker
package.json,NPM,is-extglob@2.1.1,MIT,https://github.com/jonschlinkert/is-extglob
package.json,NPM,is-fullwidth-code-point@2.0.0,MIT,https://github.com/sindresorhus/is-fullwidth-code-point
package.json,NPM,is-fullwidth-code-point@3.0.0,MIT,https://github.com/sindresorhus/is-fullwidth-code-point
package.json,NPM,is-glob@4.0.1,MIT,https://github.com/micromatch/is-glob
package.json,NPM,is-installed-globally@0.3.2,MIT,https://github.com/sindresorhus/is-installed-globally
package.json,NPM,is-interactive@1.0.0,MIT,https://github.com/sindresorhus/is-interactive
package.json,NPM,is-module@1.0.0,MIT,https://github.com/component/is-module
package.json,NPM,is-negative-zero@2.0.1,MIT,https://github.com/inspect-js/is-negative-zero
package.json,NPM,is-npm@4.0.0,MIT,https://github.com/sindresorhus/is-npm
package.json,NPM,is-number@7.0.0,MIT,https://github.com/jonschlinkert/is-number
package.json,NPM,is-obj@2.0.0,MIT,https://github.com/sindresorhus/is-obj
package.json,NPM,is-path-cwd@2.2.0,MIT,https://github.com/sindresorhus/is-path-cwd
package.json,NPM,is-path-inside@3.0.2,MIT,https://github.com/sindresorhus/is-path-inside
package.json,NPM,is-plain-obj@1.1.0,MIT,https://github.com/sindresorhus/is-plain-obj
package.json,NPM,is-plain-obj@2.1.0,MIT,https://github.com/sindresorhus/is-plain-obj
package.json,NPM,is-redirect@1.0.0,MIT,https://github.com/sindresorhus/is-redirect
package.json,NPM,is-reference@1.2.1,MIT,https://github.com/Rich-Harris/is-reference
package.json,NPM,is-regex@1.1.1,MIT,https://github.com/ljharb/is-regex
package.json,NPM,is-retry-allowed@1.2.0,MIT,https://github.com/floatdrop/is-retry-allowed
package.json,NPM,is-running@2.1.0,BSD*,https://github.com/nisaacson/is-running
package.json,NPM,is-stream@1.1.0,MIT,https://github.com/sindresorhus/is-stream
package.json,NPM,is-stream@2.0.0,MIT,https://github.com/sindresorhus/is-stream
package.json,NPM,is-symbol@1.0.3,MIT,https://github.com/inspect-js/is-symbol
package.json,NPM,is-typedarray@1.0.0,MIT,https://github.com/hughsk/is-typedarray
package.json,NPM,is-url@1.2.4,MIT,https://github.com/segmentio/is-url
package.json,NPM,is-windows@1.0.2,MIT,https://github.com/jonschlinkert/is-windows
package.json,NPM,is-wsl@1.1.0,MIT,https://github.com/sindresorhus/is-wsl
package.json,NPM,is-wsl@2.2.0,MIT,https://github.com/sindresorhus/is-wsl
package.json,NPM,is-yarn-global@0.3.0,MIT,https://github.com/LitoMore/is-yarn-global
package.json,NPM,is2@2.0.6,MIT,https://github.com/stdarg/is2
package.json,NPM,isarray@0.0.1,MIT,https://github.com/juliangruber/isarray
package.json,NPM,isarray@1.0.0,MIT,https://github.com/juliangruber/isarray
package.json,NPM,isarray@2.0.1,MIT,https://github.com/juliangruber/isarray
package.json,NPM,isbinaryfile@4.0.6,MIT,https://github.com/gjtorikian/isBinaryFile
package.json,NPM,isexe@2.0.0,ISC,https://github.com/isaacs/isexe
package.json,NPM,isstream@0.1.2,MIT,https://github.com/rvagg/isstream
package.json,NPM,istanbul-lib-coverage@2.0.5,BSD-3-Clause,https://github.com/istanbuljs/istanbuljs
package.json,NPM,istanbul-lib-coverage@3.0.0,BSD-3-Clause,https://github.com/istanbuljs/istanbuljs
package.json,NPM,istanbul-lib-hook@3.0.0,BSD-3-Clause,https://github.com/istanbuljs/istanbuljs
package.json,NPM,istanbul-lib-instrument@4.0.3,BSD-3-Clause,https://github.com/istanbuljs/istanbuljs
package.json,NPM,istanbul-lib-processinfo@2.0.2,ISC,https://github.com/istanbuljs/istanbul-lib-processinfo
package.json,NPM,istanbul-lib-report@3.0.0,BSD-3-Clause,https://github.com/istanbuljs/istanbuljs
package.json,NPM,istanbul-lib-source-maps@3.0.6,BSD-3-Clause,https://github.com/istanbuljs/istanbuljs
package.json,NPM,istanbul-lib-source-maps@4.0.0,BSD-3-Clause,https://github.com/istanbuljs/istanbuljs
package.json,NPM,istanbul-reports@3.0.2,BSD-3-Clause,https://github.com/istanbuljs/istanbuljs
package.json,NPM,jest-worker@26.6.2,MIT,https://github.com/facebook/jest
package.json,NPM,jpeg-js@0.4.3,BSD-3-Clause,https://github.com/eugeneware/jpeg-js
package.json,NPM,js-library-detector@6.4.0,MIT,https://github.com/johnmichel/Library-Detector-for-Chrome
package.json,NPM,js-tokens@4.0.0,MIT,https://github.com/lydell/js-tokens
package.json,NPM,js-yaml@3.13.1,MIT,https://github.com/nodeca/js-yaml
package.json,NPM,js-yaml@3.14.0,MIT,https://github.com/nodeca/js-yaml
package.json,NPM,js-yaml@3.14.1,MIT,https://github.com/nodeca/js-yaml
package.json,NPM,jsbn@0.1.1,MIT,https://github.com/andyperlitch/jsbn
package.json,NPM,jsesc@0.5.0,MIT,https://github.com/mathiasbynens/jsesc
package.json,NPM,jsesc@2.5.2,MIT,https://github.com/mathiasbynens/jsesc
package.json,NPM,json-buffer@3.0.0,MIT,https://github.com/dominictarr/json-buffer
package.json,NPM,json-parse-better-errors@1.0.2,MIT,https://github.com/zkat/json-parse-better-errors
package.json,NPM,json-schema-traverse@0.4.1,MIT,https://github.com/epoberezkin/json-schema-traverse
package.json,NPM,json-schema-traverse@1.0.0,MIT,https://github.com/epoberezkin/json-schema-traverse
package.json,NPM,json-schema@0.2.3,"AFLv2.1,BSD",https://github.com/kriszyp/json-schema
package.json,NPM,json-stable-stringify-without-jsonify@1.0.1,MIT,https://github.com/samn/json-stable-stringify
package.json,NPM,json-stringify-safe@5.0.1,ISC,https://github.com/isaacs/json-stringify-safe
package.json,NPM,json5@2.1.3,MIT,https://github.com/json5/json5
package.json,NPM,jsonc-parser@3.0.0,MIT,https://github.com/microsoft/node-jsonc-parser
package.json,NPM,jsonfile@4.0.0,MIT,https://github.com/jprichardson/node-jsonfile
package.json,NPM,jsonld@1.8.1,BSD-3-Clause,https://github.com/digitalbazaar/jsonld.js
package.json,NPM,jsonlint-mod@1.7.6,MIT,https://github.com/circlecell/jsonlint
package.json,NPM,jsprim@1.4.1,MIT,https://github.com/joyent/node-jsprim
package.json,NPM,karma-chrome-launcher@3.1.0,MIT,https://github.com/karma-runner/karma-chrome-launcher
package.json,NPM,karma-coverage-istanbul-reporter@3.0.3,MIT,https://github.com/mattlewis92/karma-coverage-istanbul-reporter
package.json,NPM,karma-firefox-launcher@1.3.0,MIT,https://github.com/karma-runner/karma-firefox-launcher
package.json,NPM,karma-mocha@2.0.1,MIT,https://github.com/karma-runner/karma-mocha
package.json,NPM,karma-rollup-preprocessor@7.0.5,MIT,https://github.com/jlmakes/karma-rollup-preprocessor
package.json,NPM,karma-spec-reporter@0.0.32,MIT,https://github.com/mlex/karma-spec-reporter
package.json,NPM,karma-websocket-server@1.0.0,MIT,git+https://weblogixx@github.com/weblogixx/karma-websocket-server
package.json,NPM,karma@5.2.3,MIT,https://github.com/karma-runner/karma
package.json,NPM,keyv@3.1.0,MIT,https://github.com/lukechilds/keyv
package.json,NPM,latest-version@5.1.0,MIT,https://github.com/sindresorhus/latest-version
package.json,NPM,levn@0.3.0,MIT,https://github.com/gkz/levn
package.json,NPM,levn@0.4.1,MIT,https://github.com/gkz/levn
package.json,NPM,lighthouse-logger@1.2.0,Apache-2.0,
package.json,NPM,lighthouse-stack-packs@1.4.0,Apache-2.0,https://github.com/GoogleChrome/lighthouse-stack-packs
package.json,NPM,lighthouse@7.0.0,Apache-2.0,https://github.com/GoogleChrome/lighthouse
package.json,NPM,linkify-it@3.0.2,MIT,https://github.com/markdown-it/linkify-it
package.json,NPM,load-json-file@4.0.0,MIT,https://github.com/sindresorhus/load-json-file
package.json,NPM,locate-path@3.0.0,MIT,https://github.com/sindresorhus/locate-path
package.json,NPM,locate-path@5.0.0,MIT,https://github.com/sindresorhus/locate-path
package.json,NPM,locate-path@6.0.0,MIT,https://github.com/sindresorhus/locate-path
package.json,NPM,lodash._arraycopy@3.0.0,MIT,https://github.com/lodash/lodash
package.json,NPM,lodash._arrayeach@3.0.0,MIT,https://github.com/lodash/lodash
package.json,NPM,lodash._baseassign@3.2.0,MIT,https://github.com/lodash/lodash
package.json,NPM,lodash._baseclone@3.3.0,MIT,https://github.com/lodash/lodash
package.json,NPM,lodash._basecopy@3.0.1,MIT,https://github.com/lodash/lodash
package.json,NPM,lodash._basefor@3.0.3,MIT,https://github.com/lodash/lodash
package.json,NPM,lodash._bindcallback@3.0.1,MIT,https://github.com/lodash/lodash
package.json,NPM,lodash._getnative@3.9.1,MIT,https://github.com/lodash/lodash
package.json,NPM,lodash._isiterateecall@3.0.9,MIT,https://github.com/lodash/lodash
package.json,NPM,lodash.clone@3.0.3,MIT,https://github.com/lodash/lodash
package.json,NPM,lodash.defaultsdeep@4.6.1,MIT,https://github.com/lodash/lodash
package.json,NPM,lodash.differencewith@4.5.0,MIT,https://github.com/lodash/lodash
package.json,NPM,lodash.flatten@4.4.0,MIT,https://github.com/lodash/lodash
package.json,NPM,lodash.flattendeep@4.4.0,MIT,https://github.com/lodash/lodash
package.json,NPM,lodash.get@4.4.2,MIT,https://github.com/lodash/lodash
package.json,NPM,lodash.isarguments@3.1.0,MIT,https://github.com/lodash/lodash
package.json,NPM,lodash.isarray@3.0.4,MIT,https://github.com/lodash/lodash
package.json,NPM,lodash.isequal@4.5.0,MIT,https://github.com/lodash/lodash
package.json,NPM,lodash.keys@3.1.2,MIT,https://github.com/lodash/lodash
package.json,NPM,lodash.merge@4.6.2,MIT,https://github.com/lodash/lodash
package.json,NPM,lodash.set@4.3.2,MIT,https://github.com/lodash/lodash
package.json,NPM,lodash@4.17.20,MIT,https://github.com/lodash/lodash
package.json,NPM,log-symbols@2.2.0,MIT,https://github.com/sindresorhus/log-symbols
package.json,NPM,log-symbols@3.0.0,MIT,https://github.com/sindresorhus/log-symbols
package.json,NPM,log-symbols@4.0.0,MIT,https://github.com/sindresorhus/log-symbols
package.json,NPM,log4js@6.3.0,Apache-2.0,https://github.com/log4js-node/log4js-node
package.json,NPM,lookup-closest-locale@6.0.4,MIT,https://github.com/format-message/format-message
package.json,NPM,lowercase-keys@1.0.1,MIT,https://github.com/sindresorhus/lowercase-keys
package.json,NPM,lowercase-keys@2.0.0,MIT,https://github.com/sindresorhus/lowercase-keys
package.json,NPM,lru-cache@5.1.1,ISC,https://github.com/isaacs/node-lru-cache
package.json,NPM,lru-cache@6.0.0,ISC,https://github.com/isaacs/node-lru-cache
package.json,NPM,magic-string@0.25.7,MIT,https://github.com/rich-harris/magic-string
package.json,NPM,make-dir@2.1.0,MIT,https://github.com/sindresorhus/make-dir
package.json,NPM,make-dir@3.1.0,MIT,https://github.com/sindresorhus/make-dir
package.json,NPM,map-stream@0.1.0,MIT,https://github.com/dominictarr/map-stream
package.json,NPM,markdown-it@12.0.2,MIT,https://github.com/markdown-it/markdown-it
package.json,NPM,markdownlint-cli@0.26.0,MIT,https://github.com/igorshubovych/markdownlint-cli
package.json,NPM,markdownlint-rule-helpers@0.13.0,MIT,https://github.com/DavidAnson/markdownlint
package.json,NPM,markdownlint@0.22.0,MIT,https://github.com/DavidAnson/markdownlint
package.json,NPM,marky@1.2.1,Apache-2.0,https://github.com/nolanlawson/marky
package.json,NPM,md5@2.3.0,BSD-3-Clause,https://github.com/pvorb/node-md5
package.json,NPM,mdurl@1.0.1,MIT,https://github.com/markdown-it/mdurl
package.json,NPM,media-typer@0.3.0,MIT,https://github.com/jshttp/media-typer
package.json,NPM,memorystream@0.3.1,MIT,https://github.com/JSBizon/node-memorystream
package.json,NPM,merge-descriptors@1.0.1,MIT,https://github.com/component/merge-descriptors
package.json,NPM,merge-stream@2.0.0,MIT,https://github.com/grncdr/merge-stream
package.json,NPM,merge2@1.4.1,MIT,https://github.com/teambition/merge2
package.json,NPM,metaviewport-parser@0.2.0,MIT,https://github.com/dontcallmedom/metaviewport-parser
package.json,NPM,methods@1.1.2,MIT,https://github.com/jshttp/methods
package.json,NPM,micromatch@4.0.2,MIT,https://github.com/micromatch/micromatch
package.json,NPM,mime-db@1.45.0,MIT,https://github.com/jshttp/mime-db
package.json,NPM,mime-types@2.1.28,MIT,https://github.com/jshttp/mime-types
package.json,NPM,mime@1.6.0,MIT,https://github.com/broofa/node-mime
package.json,NPM,mime@2.5.0,MIT,https://github.com/broofa/mime
package.json,NPM,mimic-fn@2.1.0,MIT,https://github.com/sindresorhus/mimic-fn
package.json,NPM,mimic-response@1.0.1,MIT,https://github.com/sindresorhus/mimic-response
package.json,NPM,minimatch@3.0.4,ISC,https://github.com/isaacs/minimatch
package.json,NPM,minimist@1.2.5,MIT,https://github.com/substack/minimist
package.json,NPM,minipass@3.1.3,ISC,https://github.com/isaacs/minipass
package.json,NPM,minizlib@2.1.2,MIT,https://github.com/isaacs/minizlib
package.json,NPM,mkdirp-classic@0.5.3,MIT,https://github.com/mafintosh/mkdirp-classic
package.json,NPM,mkdirp@0.5.4,MIT,https://github.com/substack/node-mkdirp
package.json,NPM,mkdirp@0.5.5,MIT,https://github.com/substack/node-mkdirp
package.json,NPM,mkdirp@1.0.4,MIT,https://github.com/isaacs/node-mkdirp
package.json,NPM,mkpath@1.0.0,MIT,https://github.com/jrajav/mkpath
package.json,NPM,mocha@6.2.3,MIT,https://github.com/mochajs/mocha
package.json,NPM,mocha@8.2.1,MIT,https://github.com/mochajs/mocha
package.json,NPM,module-details-from-path@1.0.3,MIT,https://github.com/watson/module-details-from-path
package.json,NPM,ms@2.0.0,MIT,https://github.com/zeit/ms
package.json,NPM,ms@2.1.1,MIT,https://github.com/zeit/ms
package.json,NPM,ms@2.1.2,MIT,https://github.com/zeit/ms
package.json,NPM,ms@2.1.3,MIT,https://github.com/vercel/ms
package.json,NPM,mute-stream@0.0.8,ISC,https://github.com/isaacs/mute-stream
package.json,NPM,nanoid@3.1.12,MIT,https://github.com/ai/nanoid
package.json,NPM,natural-compare@1.4.0,MIT,https://github.com/litejs/natural-compare-lite
package.json,NPM,negotiator@0.6.2,MIT,https://github.com/jshttp/negotiator
package.json,NPM,netmask@1.0.6,MIT,https://github.com/rs/node-netmask
package.json,NPM,next-tick@1.0.0,MIT,https://github.com/medikoo/next-tick
package.json,NPM,nice-try@1.0.5,MIT,https://github.com/electerious/nice-try
package.json,NPM,nightwatch@1.5.1,MIT,https://github.com/nightwatchjs/nightwatch
package.json,NPM,node-environment-flags@1.0.5,Apache-2.0,https://github.com/boneskull/node-environment-flags
package.json,NPM,node-fetch@2.6.1,MIT,https://github.com/bitinn/node-fetch
package.json,NPM,node-forge@0.10.0,(BSD-3-Clause OR GPL-2.0),https://github.com/digitalbazaar/forge
package.json,NPM,node-gyp-build@4.2.3,MIT,https://github.com/prebuild/node-gyp-build
package.json,NPM,node-preload@0.2.1,MIT,https://github.com/cfware/node-preload
package.json,NPM,node-releases@1.1.70,MIT,https://github.com/chicoxyzzy/node-releases
package.json,NPM,node-status-codes@1.0.0,MIT,https://github.com/sindresorhus/node-status-codes
package.json,NPM,normalize-package-data@2.5.0,BSD-2-Clause,https://github.com/npm/normalize-package-data
package.json,NPM,normalize-path@3.0.0,MIT,https://github.com/jonschlinkert/normalize-path
package.json,NPM,normalize-url@4.5.0,MIT,https://github.com/sindresorhus/normalize-url
package.json,NPM,npm-run-all@4.1.5,MIT,https://github.com/mysticatea/npm-run-all
package.json,NPM,nyc@15.1.0,ISC,https://github.com/istanbuljs/nyc
package.json,NPM,oauth-sign@0.9.0,Apache-2.0,https://github.com/mikeal/oauth-sign
package.json,NPM,object-assign@4.1.1,MIT,https://github.com/sindresorhus/object-assign
package.json,NPM,object-inspect@1.9.0,MIT,https://github.com/inspect-js/object-inspect
package.json,NPM,object-keys@1.1.1,MIT,https://github.com/ljharb/object-keys
package.json,NPM,object.assign@4.1.0,MIT,https://github.com/ljharb/object.assign
package.json,NPM,object.assign@4.1.2,MIT,https://github.com/ljharb/object.assign
package.json,NPM,object.getownpropertydescriptors@2.1.1,MIT,https://github.com/es-shims/object.getownpropertydescriptors
package.json,NPM,on-finished@2.3.0,MIT,https://github.com/jshttp/on-finished
package.json,NPM,on-headers@1.0.2,MIT,https://github.com/jshttp/on-headers
package.json,NPM,once@1.4.0,ISC,https://github.com/isaacs/once
package.json,NPM,onetime@5.1.2,MIT,https://github.com/sindresorhus/onetime
package.json,NPM,open@6.4.0,MIT,https://github.com/sindresorhus/open
package.json,NPM,optionator@0.8.3,MIT,https://github.com/gkz/optionator
package.json,NPM,optionator@0.9.1,MIT,https://github.com/gkz/optionator
package.json,NPM,ora@4.1.1,MIT,https://github.com/sindresorhus/ora
package.json,NPM,os-tmpdir@1.0.2,MIT,https://github.com/sindresorhus/os-tmpdir
package.json,NPM,p-cancelable@1.1.0,MIT,https://github.com/sindresorhus/p-cancelable
package.json,NPM,p-limit@2.3.0,MIT,https://github.com/sindresorhus/p-limit
package.json,NPM,p-limit@3.1.0,MIT,https://github.com/sindresorhus/p-limit
package.json,NPM,p-locate@3.0.0,MIT,https://github.com/sindresorhus/p-locate
package.json,NPM,p-locate@4.1.0,MIT,https://github.com/sindresorhus/p-locate
package.json,NPM,p-locate@5.0.0,MIT,https://github.com/sindresorhus/p-locate
package.json,NPM,p-map@3.0.0,MIT,https://github.com/sindresorhus/p-map
package.json,NPM,p-map@4.0.0,MIT,https://github.com/sindresorhus/p-map
package.json,NPM,p-try@2.2.0,MIT,https://github.com/sindresorhus/p-try
package.json,NPM,pac-proxy-agent@3.0.1,MIT,https://github.com/TooTallNate/node-pac-proxy-agent
package.json,NPM,pac-resolver@3.0.0,MIT,https://github.com/TooTallNate/node-pac-resolver
package.json,NPM,package-hash@4.0.0,ISC,https://github.com/novemberborn/package-hash
package.json,NPM,package-json@6.5.0,MIT,https://github.com/sindresorhus/package-json
package.json,NPM,parent-module@1.0.1,MIT,https://github.com/sindresorhus/parent-module
package.json,NPM,parse-cache-control@1.0.1,BSD,https://github.com/roryf/parse-cache-control
package.json,NPM,parse-json@2.2.0,MIT,https://github.com/sindresorhus/parse-json
package.json,NPM,parse-json@4.0.0,MIT,https://github.com/sindresorhus/parse-json
package.json,NPM,parseqs@0.0.6,MIT,https://github.com/get/querystring
package.json,NPM,parseuri@0.0.6,MIT,https://github.com/get/parseuri
package.json,NPM,parseurl@1.3.3,MIT,https://github.com/pillarjs/parseurl
package.json,NPM,path-exists@3.0.0,MIT,https://github.com/sindresorhus/path-exists
package.json,NPM,path-exists@4.0.0,MIT,https://github.com/sindresorhus/path-exists
package.json,NPM,path-is-absolute@1.0.1,MIT,https://github.com/sindresorhus/path-is-absolute
package.json,NPM,path-key@2.0.1,MIT,https://github.com/sindresorhus/path-key
package.json,NPM,path-key@3.1.1,MIT,https://github.com/sindresorhus/path-key
package.json,NPM,path-parse@1.0.6,MIT,https://github.com/jbgutierrez/path-parse
package.json,NPM,path-to-regexp@0.1.7,MIT,https://github.com/component/path-to-regexp
package.json,NPM,path-type@3.0.0,MIT,https://github.com/sindresorhus/path-type
package.json,NPM,path-type@4.0.0,MIT,https://github.com/sindresorhus/path-type
package.json,NPM,pause-stream@0.0.11,"MIT,Apache2",https://github.com/dominictarr/pause-stream
package.json,NPM,pend@1.2.0,MIT,https://github.com/andrewrk/node-pend
package.json,NPM,performance-now@2.1.0,MIT,https://github.com/braveg1rl/performance-now
package.json,NPM,picomatch@2.2.2,MIT,https://github.com/micromatch/picomatch
package.json,NPM,pidtree@0.3.1,MIT,https://github.com/simonepri/pidtree
package.json,NPM,pify@3.0.0,MIT,https://github.com/sindresorhus/pify
package.json,NPM,pify@4.0.1,MIT,https://github.com/sindresorhus/pify
package.json,NPM,pinkie-promise@2.0.1,MIT,https://github.com/floatdrop/pinkie-promise
package.json,NPM,pinkie@2.0.4,MIT,https://github.com/floatdrop/pinkie
package.json,NPM,pkg-dir@4.2.0,MIT,https://github.com/sindresorhus/pkg-dir
package.json,NPM,prelude-ls@1.1.2,MIT,https://github.com/gkz/prelude-ls
package.json,NPM,prelude-ls@1.2.1,MIT,https://github.com/gkz/prelude-ls
package.json,NPM,prepend-http@1.0.4,MIT,https://github.com/sindresorhus/prepend-http
package.json,NPM,prepend-http@2.0.0,MIT,https://github.com/sindresorhus/prepend-http
package.json,NPM,process-nextick-args@2.0.1,MIT,https://github.com/calvinmetcalf/process-nextick-args
package.json,NPM,process-on-spawn@1.0.0,MIT,https://github.com/cfware/process-on-spawn
package.json,NPM,progress@2.0.3,MIT,https://github.com/visionmedia/node-progress
package.json,NPM,proxy-addr@2.0.6,MIT,https://github.com/jshttp/proxy-addr
package.json,NPM,proxy-agent@3.1.1,MIT,https://github.com/TooTallNate/node-proxy-agent
package.json,NPM,proxy-from-env@1.1.0,MIT,https://github.com/Rob--W/proxy-from-env
package.json,NPM,ps-list@7.2.0,MIT,https://github.com/sindresorhus/ps-list
package.json,NPM,ps-tree@1.2.0,MIT,https://github.com/indexzero/ps-tree
package.json,NPM,psl@1.8.0,MIT,https://github.com/lupomontero/psl
package.json,NPM,pump@3.0.0,MIT,https://github.com/mafintosh/pump
package.json,NPM,punycode@2.1.1,MIT,https://github.com/bestiejs/punycode.js
package.json,NPM,pupa@2.1.1,MIT,https://github.com/sindresorhus/pupa
package.json,NPM,puppeteer@5.5.0,Apache-2.0,https://github.com/puppeteer/puppeteer
package.json,NPM,qjobs@1.2.0,MIT,https://github.com/franck34/qjobs
package.json,NPM,qs@6.5.2,BSD-3-Clause,https://github.com/ljharb/qs
package.json,NPM,qs@6.7.0,BSD-3-Clause,https://github.com/ljharb/qs
package.json,NPM,randombytes@2.1.0,MIT,https://github.com/crypto-browserify/randombytes
package.json,NPM,range-parser@1.2.1,MIT,https://github.com/jshttp/range-parser
package.json,NPM,raven@2.6.4,BSD-2-Clause,https://github.com/getsentry/raven-js
package.json,NPM,raw-body@2.4.0,MIT,https://github.com/stream-utils/raw-body
package.json,NPM,rc@1.2.8,(BSD-2-Clause OR MIT OR Apache-2.0),https://github.com/dominictarr/rc
package.json,NPM,rdf-canonize@1.2.0,BSD-3-Clause,https://github.com/digitalbazaar/rdf-canonize
package.json,NPM,read-all-stream@3.1.0,MIT,https://github.com/floatdrop/read-all-stream
package.json,NPM,read-pkg@3.0.0,MIT,https://github.com/sindresorhus/read-pkg
package.json,NPM,readable-stream@1.1.14,MIT,https://github.com/isaacs/readable-stream
package.json,NPM,readable-stream@2.3.7,MIT,https://github.com/nodejs/readable-stream
package.json,NPM,readable-stream@3.6.0,MIT,https://github.com/nodejs/readable-stream
package.json,NPM,readdirp@3.5.0,MIT,https://github.com/paulmillr/readdirp
package.json,NPM,regenerate-unicode-properties@8.2.0,MIT,https://github.com/mathiasbynens/regenerate-unicode-properties
package.json,NPM,regenerate@1.4.2,MIT,https://github.com/mathiasbynens/regenerate
package.json,NPM,regenerator-runtime@0.13.7,MIT,https://github.com/facebook/regenerator/tree/master/packages/regenerator-runtime
package.json,NPM,regenerator-transform@0.14.5,MIT,https://github.com/facebook/regenerator/tree/master/packages/regenerator-transform
package.json,NPM,regexpp@3.1.0,MIT,https://github.com/mysticatea/regexpp
package.json,NPM,regexpu-core@4.7.1,MIT,https://github.com/mathiasbynens/regexpu-core
package.json,NPM,registry-auth-token@4.2.1,MIT,https://github.com/rexxars/registry-auth-token
package.json,NPM,registry-url@5.1.0,MIT,https://github.com/sindresorhus/registry-url
package.json,NPM,regjsgen@0.5.2,MIT,https://github.com/bnjmnt4n/regjsgen
package.json,NPM,regjsparser@0.6.6,BSD-2-Clause,https://github.com/jviereck/regjsparser
package.json,NPM,release-zalgo@1.0.0,ISC,https://github.com/novemberborn/release-zalgo
package.json,NPM,request-promise-core@1.1.4,ISC,https://github.com/request/promise-core
package.json,NPM,request-promise@4.2.6,ISC,https://github.com/request/request-promise
package.json,NPM,request@2.88.2,Apache-2.0,https://github.com/request/request
package.json,NPM,require-directory@2.1.1,MIT,https://github.com/troygoode/node-require-directory
package.json,NPM,require-from-string@2.0.2,MIT,https://github.com/floatdrop/require-from-string
package.json,NPM,require-in-the-middle@5.1.0,MIT,https://github.com/elastic/require-in-the-middle
package.json,NPM,require-main-filename@2.0.0,ISC,https://github.com/yargs/require-main-filename
package.json,NPM,requires-port@1.0.0,MIT,https://github.com/unshiftio/requires-port
package.json,NPM,resolve-from@4.0.0,MIT,https://github.com/sindresorhus/resolve-from
package.json,NPM,resolve-from@5.0.0,MIT,https://github.com/sindresorhus/resolve-from
package.json,NPM,resolve@1.17.0,MIT,https://github.com/browserify/resolve
package.json,NPM,resolve@1.19.0,MIT,https://github.com/browserify/resolve
package.json,NPM,responselike@1.0.2,MIT,https://github.com/lukechilds/responselike
package.json,NPM,restore-cursor@3.1.0,MIT,https://github.com/sindresorhus/restore-cursor
package.json,NPM,reusify@1.0.4,MIT,https://github.com/mcollina/reusify
package.json,NPM,rfdc@1.2.0,MIT,https://github.com/davidmarkclements/rfdc
package.json,NPM,rimraf@2.5.4,ISC,https://github.com/isaacs/rimraf
package.json,NPM,rimraf@2.7.1,ISC,https://github.com/isaacs/rimraf
package.json,NPM,rimraf@3.0.2,ISC,https://github.com/isaacs/rimraf
package.json,NPM,robots-parser@2.1.1,MIT,https://github.com/samclarke/robots-parser
package.json,NPM,rollup-plugin-inject@3.0.2,MIT,https://github.com/rollup/rollup-plugin-inject
package.json,NPM,rollup-plugin-istanbul@3.0.0,MIT,https://github.com/artberri/rollup-plugin-istanbul
package.json,NPM,rollup-plugin-node-polyfills@0.2.1,MIT,https://github.com/ionic-team/rollup-plugin-node-polyfills
package.json,NPM,rollup-plugin-terser@7.0.2,MIT,https://github.com/TrySound/rollup-plugin-terser
package.json,NPM,rollup-plugin-typescript2@0.29.0,MIT,https://github.com/ezolenko/rollup-plugin-typescript2
package.json,NPM,rollup-pluginutils@2.8.2,MIT,https://github.com/rollup/rollup-pluginutils
package.json,NPM,rollup@2.38.0,MIT,https://github.com/rollup/rollup
package.json,NPM,run-async@2.4.1,MIT,https://github.com/SBoudrias/run-async
package.json,NPM,run-parallel@1.1.10,MIT,https://github.com/feross/run-parallel
package.json,NPM,rxjs@6.6.3,Apache-2.0,https://github.com/reactivex/rxjs
package.json,NPM,safe-buffer@5.1.2,MIT,https://github.com/feross/safe-buffer
package.json,NPM,safer-buffer@2.1.2,MIT,https://github.com/ChALkeR/safer-buffer
package.json,NPM,selenium-server@3.141.59,BSD-3-Clause,https://github.com/eugeneware/selenium-server
package.json,NPM,semaphore@1.1.0,MIT*,https://github.com/abrkn/semaphore.js
package.json,NPM,semver-diff@3.1.1,MIT,https://github.com/sindresorhus/semver-diff
package.json,NPM,semver@5.7.1,ISC,https://github.com/npm/node-semver
package.json,NPM,semver@6.3.0,ISC,https://github.com/npm/node-semver
package.json,NPM,semver@7.0.0,ISC,https://github.com/npm/node-semver
package.json,NPM,semver@7.3.4,ISC,https://github.com/npm/node-semver
package.json,NPM,send@0.17.1,MIT,https://github.com/pillarjs/send
package.json,NPM,serialize-javascript@4.0.0,BSD-3-Clause,https://github.com/yahoo/serialize-javascript
package.json,NPM,serialize-javascript@5.0.1,BSD-3-Clause,https://github.com/yahoo/serialize-javascript
package.json,NPM,serve-static@1.14.1,MIT,https://github.com/expressjs/serve-static
package.json,NPM,set-blocking@2.0.0,ISC,https://github.com/yargs/set-blocking
package.json,NPM,setprototypeof@1.1.1,ISC,https://github.com/wesleytodd/setprototypeof
package.json,NPM,shebang-command@1.2.0,MIT,https://github.com/kevva/shebang-command
package.json,NPM,shebang-command@2.0.0,MIT,https://github.com/kevva/shebang-command
package.json,NPM,shebang-regex@1.0.0,MIT,https://github.com/sindresorhus/shebang-regex
package.json,NPM,shebang-regex@3.0.0,MIT,https://github.com/sindresorhus/shebang-regex
package.json,NPM,shell-quote@1.7.2,MIT,https://github.com/substack/node-shell-quote
package.json,NPM,shimmer@1.2.1,BSD-2-Clause,https://github.com/othiym23/shimmer
package.json,NPM,signal-exit@3.0.3,ISC,https://github.com/tapjs/signal-exit
package.json,NPM,slash@3.0.0,MIT,https://github.com/sindresorhus/slash
package.json,NPM,slice-ansi@4.0.0,MIT,https://github.com/chalk/slice-ansi
package.json,NPM,smart-buffer@4.1.0,MIT,https://github.com/JoshGlazebrook/smart-buffer
package.json,NPM,socket.io-adapter@1.1.2,MIT,https://github.com/socketio/socket.io-adapter
package.json,NPM,socket.io-client@2.4.0,MIT,https://github.com/Automattic/socket.io-client
package.json,NPM,socket.io-parser@3.3.2,MIT,https://github.com/Automattic/socket.io-parser
package.json,NPM,socket.io-parser@3.4.1,MIT,https://github.com/socketio/socket.io-parser
package.json,NPM,socket.io@2.4.1,MIT,https://github.com/socketio/socket.io
package.json,NPM,socks-proxy-agent@4.0.2,MIT,https://github.com/TooTallNate/node-socks-proxy-agent
package.json,NPM,socks@2.3.3,MIT,https://github.com/JoshGlazebrook/socks
package.json,NPM,source-map-support@0.5.19,MIT,https://github.com/evanw/node-source-map-support
package.json,NPM,source-map@0.1.43,BSD,https://github.com/mozilla/source-map
package.json,NPM,source-map@0.5.7,BSD-3-Clause,https://github.com/mozilla/source-map
package.json,NPM,source-map@0.6.1,BSD-3-Clause,https://github.com/mozilla/source-map
package.json,NPM,source-map@0.7.3,BSD-3-Clause,https://github.com/mozilla/source-map
package.json,NPM,sourcemap-codec@1.4.8,MIT,https://github.com/Rich-Harris/sourcemap-codec
package.json,NPM,spawn-wrap@2.0.0,ISC,https://github.com/istanbuljs/spawn-wrap
package.json,NPM,spdx-correct@3.1.1,Apache-2.0,https://github.com/jslicense/spdx-correct.js
package.json,NPM,spdx-exceptions@2.3.0,CC-BY-3.0,https://github.com/kemitchell/spdx-exceptions.json
package.json,NPM,spdx-expression-parse@3.0.1,MIT,https://github.com/jslicense/spdx-expression-parse.js
package.json,NPM,spdx-license-ids@3.0.7,CC0-1.0,https://github.com/jslicense/spdx-license-ids
package.json,NPM,speedline-core@1.4.3,MIT,https://github.com/paulirish/speedline
package.json,NPM,split@0.3.3,MIT,https://github.com/dominictarr/split
package.json,NPM,sprintf-js@1.0.3,BSD-3-Clause,https://github.com/alexei/sprintf.js
package.json,NPM,sshpk@1.16.1,MIT,https://github.com/joyent/node-sshpk
package.json,NPM,stack-trace@0.0.10,MIT,https://github.com/felixge/node-stack-trace
package.json,NPM,statuses@1.5.0,MIT,https://github.com/jshttp/statuses
package.json,NPM,stealthy-require@1.1.1,ISC,https://github.com/analog-nico/stealthy-require
package.json,NPM,stream-combiner@0.0.4,MIT,https://github.com/dominictarr/stream-combiner
package.json,NPM,stream-events@1.0.5,MIT,https://github.com/stephenplusplus/stream-events
package.json,NPM,streamroller@2.2.4,MIT,https://github.com/nomiddlename/streamroller
package.json,NPM,string-width@2.1.1,MIT,https://github.com/sindresorhus/string-width
package.json,NPM,string-width@3.1.0,MIT,https://github.com/sindresorhus/string-width
package.json,NPM,string-width@4.2.0,MIT,https://github.com/sindresorhus/string-width
package.json,NPM,string.prototype.padend@3.1.1,MIT,https://github.com/es-shims/String.prototype.padEnd
package.json,NPM,string.prototype.trimend@1.0.3,MIT,https://github.com/es-shims/String.prototype.trimEnd
package.json,NPM,string.prototype.trimstart@1.0.3,MIT,https://github.com/es-shims/String.prototype.trimStart
package.json,NPM,string_decoder@0.10.31,MIT,https://github.com/rvagg/string_decoder
package.json,NPM,string_decoder@1.1.1,MIT,https://github.com/nodejs/string_decoder
package.json,NPM,strip-ansi@4.0.0,MIT,https://github.com/chalk/strip-ansi
package.json,NPM,strip-ansi@5.2.0,MIT,https://github.com/chalk/strip-ansi
package.json,NPM,strip-ansi@6.0.0,MIT,https://github.com/chalk/strip-ansi
package.json,NPM,strip-bom@3.0.0,MIT,https://github.com/sindresorhus/strip-bom
package.json,NPM,strip-bom@4.0.0,MIT,https://github.com/sindresorhus/strip-bom
package.json,NPM,strip-json-comments@2.0.1,MIT,https://github.com/sindresorhus/strip-json-comments
package.json,NPM,strip-json-comments@3.1.1,MIT,https://github.com/sindresorhus/strip-json-comments
package.json,NPM,stubs@3.0.0,MIT,https://github.com/stephenplusplus/stubs
package.json,NPM,supports-color@5.5.0,MIT,https://github.com/chalk/supports-color
package.json,NPM,supports-color@6.0.0,MIT,https://github.com/chalk/supports-color
package.json,NPM,supports-color@7.2.0,MIT,https://github.com/chalk/supports-color
package.json,NPM,table@6.0.7,BSD-3-Clause,https://github.com/gajus/table
package.json,NPM,tar-fs@2.1.1,MIT,https://github.com/mafintosh/tar-fs
package.json,NPM,tar-stream@2.2.0,MIT,https://github.com/mafintosh/tar-stream
package.json,NPM,tar@6.0.2,ISC,https://github.com/npm/node-tar
package.json,NPM,tcp-port-used@1.0.2,MIT,https://github.com/stdarg/tcp-port-used
package.json,NPM,teeny-request@6.0.1,Apache-2.0,https://github.com/googleapis/teeny-request
package.json,NPM,temp-fs@0.9.9,MIT,https://github.com/jakwings/node-temp-fs
package.json,NPM,term-size@2.2.1,MIT,https://github.com/sindresorhus/term-size
package.json,NPM,terser@5.5.1,BSD-2-Clause,https://github.com/terser/terser
package.json,NPM,test-exclude@6.0.0,ISC,https://github.com/istanbuljs/test-exclude
package.json,NPM,text-table@0.2.0,MIT,https://github.com/substack/text-table
package.json,NPM,third-party-web@0.12.3,MIT,https://github.com/patrickhulce/third-party-web
package.json,NPM,through@2.3.8,MIT,https://github.com/dominictarr/through
package.json,NPM,thunkify@2.1.2,MIT,https://github.com/visionmedia/node-thunkify
package.json,NPM,timed-out@2.0.0,MIT,https://github.com/floatdrop/timed-out
package.json,NPM,timed-out@4.0.1,MIT,https://github.com/floatdrop/timed-out
package.json,NPM,tmp@0.0.33,MIT,https://github.com/raszi/node-tmp
package.json,NPM,tmp@0.2.1,MIT,https://github.com/raszi/node-tmp
package.json,NPM,to-array@0.1.4,MIT,https://github.com/Raynos/to-array
package.json,NPM,to-fast-properties@2.0.0,MIT,https://github.com/sindresorhus/to-fast-properties
package.json,NPM,to-readable-stream@1.0.0,MIT,https://github.com/sindresorhus/to-readable-stream
package.json,NPM,to-regex-range@5.0.1,MIT,https://github.com/micromatch/to-regex-range
package.json,NPM,toidentifier@1.0.0,MIT,https://github.com/component/toidentifier
package.json,NPM,tough-cookie@2.5.0,BSD-3-Clause,https://github.com/salesforce/tough-cookie
package.json,NPM,tslib@1.14.1,0BSD,https://github.com/Microsoft/tslib
package.json,NPM,tslib@2.0.1,0BSD,https://github.com/Microsoft/tslib
package.json,NPM,tslib@2.1.0,0BSD,https://github.com/Microsoft/tslib
package.json,NPM,tunnel-agent@0.6.0,Apache-2.0,https://github.com/mikeal/tunnel-agent
package.json,NPM,tweetnacl@0.14.5,Unlicense,https://github.com/dchest/tweetnacl-js
package.json,NPM,type-check@0.3.2,MIT,https://github.com/gkz/type-check
package.json,NPM,type-check@0.4.0,MIT,https://github.com/gkz/type-check
package.json,NPM,type-detect@0.1.1,MIT,https://github.com/chaijs/type-detect
package.json,NPM,type-fest@0.11.0,(MIT OR CC0-1.0),https://github.com/sindresorhus/type-fest
package.json,NPM,type-fest@0.8.1,(MIT OR CC0-1.0),https://github.com/sindresorhus/type-fest
package.json,NPM,type-is@1.6.18,MIT,https://github.com/jshttp/type-is
package.json,NPM,type@1.2.0,ISC,https://github.com/medikoo/type
package.json,NPM,type@2.1.0,ISC,https://github.com/medikoo/type
package.json,NPM,typedarray-to-buffer@3.1.5,MIT,https://github.com/feross/typedarray-to-buffer
package.json,NPM,typescript@4.1.3,Apache-2.0,https://github.com/Microsoft/TypeScript
package.json,NPM,ua-parser-js@0.7.22,MIT,https://github.com/faisalman/ua-parser-js
package.json,NPM,uc.micro@1.0.6,MIT,https://github.com/markdown-it/uc.micro
package.json,NPM,ultron@1.1.1,MIT,https://github.com/unshiftio/ultron
package.json,NPM,unbzip2-stream@1.4.3,MIT,https://github.com/regular/unbzip2-stream
package.json,NPM,underscore@1.12.0,MIT,https://github.com/jashkenas/underscore
package.json,NPM,unicode-canonical-property-names-ecmascript@1.0.4,MIT,https://github.com/mathiasbynens/unicode-canonical-property-names-ecmascript
package.json,NPM,unicode-match-property-ecmascript@1.0.4,MIT,https://github.com/mathiasbynens/unicode-match-property-ecmascript
package.json,NPM,unicode-match-property-value-ecmascript@1.2.0,MIT,https://github.com/mathiasbynens/unicode-match-property-value-ecmascript
package.json,NPM,unicode-property-aliases-ecmascript@1.1.0,MIT,https://github.com/mathiasbynens/unicode-property-aliases-ecmascript
package.json,NPM,unique-string@2.0.0,MIT,https://github.com/sindresorhus/unique-string
package.json,NPM,universalify@0.1.2,MIT,https://github.com/RyanZim/universalify
package.json,NPM,unpipe@1.0.0,MIT,https://github.com/stream-utils/unpipe
package.json,NPM,unzip-response@1.0.2,MIT,https://github.com/sindresorhus/unzip-response
package.json,NPM,update-notifier@4.1.3,BSD-2-Clause,https://github.com/yeoman/update-notifier
package.json,NPM,uri-js@4.4.1,BSD-2-Clause,https://github.com/garycourt/uri-js
package.json,NPM,url-parse-lax@1.0.0,MIT,https://github.com/sindresorhus/url-parse-lax
package.json,NPM,url-parse-lax@3.0.0,MIT,https://github.com/sindresorhus/url-parse-lax
package.json,NPM,urlgrey@0.4.4,BSD-2-Clause,https://github.com/cainus/urlgrey
package.json,NPM,utf-8-validate@5.0.4,MIT,https://github.com/websockets/utf-8-validate
package.json,NPM,util-deprecate@1.0.2,MIT,https://github.com/TooTallNate/util-deprecate
package.json,NPM,utils-merge@1.0.1,MIT,https://github.com/jaredhanson/utils-merge
package.json,NPM,uuid@3.3.2,MIT,https://github.com/kelektiv/node-uuid
package.json,NPM,uuid@3.4.0,MIT,https://github.com/uuidjs/uuid
package.json,NPM,v8-compile-cache@2.2.0,MIT,https://github.com/zertosh/v8-compile-cache
package.json,NPM,validate-npm-package-license@3.0.4,Apache-2.0,https://github.com/kemitchell/validate-npm-package-license.js
package.json,NPM,vary@1.1.2,MIT,https://github.com/jshttp/vary
package.json,NPM,verror@1.10.0,MIT,https://github.com/davepacheco/node-verror
package.json,NPM,void-elements@2.0.1,MIT,https://github.com/hemanth/void-elements
package.json,NPM,wcwidth@1.0.1,MIT,https://github.com/timoxley/wcwidth
package.json,NPM,web-vitals@1.1.0,Apache-2.0,https://github.com/GoogleChrome/web-vitals
package.json,NPM,websocket@1.0.33,Apache-2.0,https://github.com/theturtle32/WebSocket-Node
package.json,NPM,which-module@2.0.0,ISC,https://github.com/nexdrew/which-module
package.json,NPM,which@1.3.1,ISC,https://github.com/isaacs/node-which
package.json,NPM,which@2.0.2,ISC,https://github.com/isaacs/node-which
package.json,NPM,wide-align@1.1.3,ISC,https://github.com/iarna/wide-align
package.json,NPM,widest-line@3.1.0,MIT,https://github.com/sindresorhus/widest-line
package.json,NPM,word-wrap@1.2.3,MIT,https://github.com/jonschlinkert/word-wrap
package.json,NPM,workerpool@6.0.2,Apache-2.0,https://github.com/josdejong/workerpool
package.json,NPM,wrap-ansi@5.1.0,MIT,https://github.com/chalk/wrap-ansi
package.json,NPM,wrap-ansi@6.2.0,MIT,https://github.com/chalk/wrap-ansi
package.json,NPM,wrap-ansi@7.0.0,MIT,https://github.com/chalk/wrap-ansi
package.json,NPM,wrappy@1.0.2,ISC,https://github.com/npm/wrappy
package.json,NPM,write-file-atomic@3.0.3,ISC,https://github.com/npm/write-file-atomic
package.json,NPM,ws@3.3.2,MIT,https://github.com/websockets/ws
package.json,NPM,ws@3.3.3,MIT,https://github.com/websockets/ws
package.json,NPM,ws@7.4.2,MIT,https://github.com/websockets/ws
package.json,NPM,xdg-basedir@4.0.0,MIT,https://github.com/sindresorhus/xdg-basedir
package.json,NPM,xmldom@0.1.19,LGPL,https://github.com/jindw/xmldom
package.json,NPM,xmlhttprequest-ssl@1.5.5,MIT,https://github.com/mjwwit/node-XMLHttpRequest
package.json,NPM,xregexp@2.0.0,MIT,https://github.com/slevithan/XRegExp
package.json,NPM,y18n@4.0.1,ISC,https://github.com/yargs/y18n
package.json,NPM,y18n@5.0.5,ISC,https://github.com/yargs/y18n
package.json,NPM,yaeti@0.0.6,MIT,https://github.com/ibc/yaeti
package.json,NPM,yallist@3.1.1,ISC,https://github.com/isaacs/yallist
package.json,NPM,yallist@4.0.0,ISC,https://github.com/isaacs/yallist
package.json,NPM,yargs-parser@13.1.2,ISC,https://github.com/yargs/yargs-parser
package.json,NPM,yargs-parser@18.1.3,ISC,https://github.com/yargs/yargs-parser
package.json,NPM,yargs-parser@20.2.4,ISC,https://github.com/yargs/yargs-parser
package.json,NPM,yargs-unparser@1.6.0,MIT,https://github.com/yargs/yargs-unparser
package.json,NPM,yargs-unparser@2.0.0,MIT,https://github.com/yargs/yargs-unparser
package.json,NPM,yargs@13.3.2,MIT,https://github.com/yargs/yargs
package.json,NPM,yargs@15.4.1,MIT,https://github.com/yargs/yargs
package.json,NPM,yargs@16.2.0,MIT,https://github.com/yargs/yargs
package.json,NPM,yauzl@2.10.0,MIT,https://github.com/thejoshwolfe/yauzl
package.json,NPM,yeast@0.1.2,MIT,https://github.com/unshiftio/yeast
package.json,NPM,yocto-queue@0.1.0,MIT,https://github.com/sindresorhus/yocto-queue