Name,Version,Licenses
json-schema-0.2.3.tgz,0.2.3,"Academic 2.1, BSD 3"
forever-agent-0.6.1.tgz,0.6.1,Apache 2.0
caseless-0.12.0.tgz,0.12.0,Apache 2.0
tunnel-agent-0.6.0.tgz,0.6.0,Apache 2.0
aws-sign2-0.7.0.tgz,0.7.0,Apache 2.0
selenium-webdriver-3.6.0.tgz,3.6.0,Apache 2.0
long-4.0.0.tgz,4.0.0,Apache 2.0
oauth-sign-0.9.0.tgz,0.9.0,Apache 2.0
splunk-utils-1.2.3.tgz,1.2.3,Apache 2.0
request-2.88.2.tgz,2.88.2,Apache 2.0
moment-0.5.2.tgz,0.5.2,Apache 2.0
themes-0.5.0.tgz,0.5.0,Apache 2.0
react-icons-2.6.2.tgz,2.6.2,Apache 2.0
react-sparkline-0.4.1.tgz,0.4.1,Apache 2.0
react-ui-3.0.0.tgz,3.0.0,Apache 2.0
ui-utils-1.2.0.tgz,1.2.0,Apache 2.0
react-icons-3.0.1.tgz,3.0.1,Apache 2.0
themes-0.6.1.tgz,0.6.1,Apache 2.0
core-0.16.0.tgz,0.16.0,Apache 2.0
api-0.16.0.tgz,0.16.0,Apache 2.0
context-base-0.16.0.tgz,0.16.0,Apache 2.0
tracing-0.16.0.tgz,0.16.0,Apache 2.0
resources-0.16.0.tgz,0.16.0,Apache 2.0
semantic-conventions-0.16.0.tgz,0.16.0,Apache 2.0
api-metrics-0.16.0.tgz,0.16.0,Apache 2.0
exporter-zipkin-0.16.0.tgz,0.16.0,Apache 2.0
context-zone-peer-dep-0.16.0.tgz,0.16.0,Apache 2.0
instrumentation-0.16.0.tgz,0.16.0,Apache 2.0
d3-flame-graph-4.0.6.tgz,4.0.6,Apache 2.0
web-0.16.0.tgz,0.16.0,Apache 2.0
context-zone-0.16.0.tgz,0.16.0,Apache 2.0
chroma-js-2.1.0.tgz,2.1.0,"Apache 2.0, BSD 3"
commonmark-0.27.0.tgz,0.27.0,BSD 2
entities-1.1.2.tgz,1.1.2,BSD 2
shimmer-1.2.1.tgz,1.2.1,BSD 2
esutils-2.0.3.tgz,2.0.3,BSD 2
regjsparser-0.6.4.tgz,0.6.4,BSD 2
uri-js-4.4.0.tgz,4.4.0,BSD 2
domhandler-3.3.0.tgz,3.3.0,BSD 2
entities-2.1.0.tgz,2.1.0,BSD 2
domelementtype-2.1.0.tgz,2.1.0,BSD 2
domhandler-4.0.0.tgz,4.0.0,BSD 2
domutils-2.4.4.tgz,2.4.4,BSD 2
d3-time-2.1.1.tgz,2.1.1,BSD 2
d3-scale-3.3.0.tgz,3.3.0,BSD 2
source-map-0.5.6.tgz,0.5.6,BSD 3
xss-filters-1.2.7.tgz,1.2.7,BSD 3
exenv-1.2.2.tgz,1.2.2,BSD 3
source-map-0.5.7.tgz,0.5.7,BSD 3
fetch-1.1.0.tgz,1.1.0,BSD 3
pool-1.1.0.tgz,1.1.0,BSD 3
codegen-2.0.4.tgz,2.0.4,BSD 3
aspromise-1.1.2.tgz,1.1.2,BSD 3
eventemitter-1.1.0.tgz,1.1.0,BSD 3
float-1.0.2.tgz,1.0.2,BSD 3
path-1.1.2.tgz,1.1.2,BSD 3
utf8-1.1.0.tgz,1.1.0,BSD 3
base64-1.1.2.tgz,1.1.2,BSD 3
inquire-1.1.0.tgz,1.1.0,BSD 3
source-map-0.6.1.tgz,0.6.1,BSD 3
d3-scale-1.0.7.tgz,1.0.7,BSD 3
d3-sankey-0.7.1.tgz,0.7.1,BSD 3
hoek-4.2.1.tgz,4.2.1,BSD 3
qs-6.5.2.tgz,6.5.2,BSD 3
source-map-0.7.3.tgz,0.7.3,BSD 3
bcrypt-pbkdf-1.0.2.tgz,1.0.2,BSD 3
protobufjs-6.8.8.tgz,6.8.8,BSD 3
d3-hexbin-0.2.2.tgz,0.2.2,BSD 3
d3-array-1.2.4.tgz,1.2.4,BSD 3
d3-collection-1.0.7.tgz,1.0.7,BSD 3
d3-voronoi-1.1.4.tgz,1.1.4,BSD 3
d3-contour-1.3.2.tgz,1.3.2,BSD 3
tough-cookie-2.5.0.tgz,2.5.0,BSD 3
d3-scale-2.2.2.tgz,2.2.2,BSD 3
rebound-0.1.0.tgz,0.1.0,BSD 3
d3-time-1.1.0.tgz,1.1.0,BSD 3
d3-timer-1.0.10.tgz,1.0.10,BSD 3
d3-dispatch-1.0.6.tgz,1.0.6,BSD 3
d3-hierarchy-1.1.9.tgz,1.1.9,BSD 3
d3-path-1.0.9.tgz,1.0.9,BSD 3
d3-shape-1.3.7.tgz,1.3.7,BSD 3
d3-transition-1.3.2.tgz,1.3.2,BSD 3
d3-interpolate-1.4.0.tgz,1.4.0,BSD 3
diff-4.0.2.tgz,4.0.2,BSD 3
hoist-non-react-statics-3.3.2.tgz,3.3.2,BSD 3
d3-color-1.4.1.tgz,1.4.1,BSD 3
d3-geo-1.12.1.tgz,1.12.1,BSD 3
hyphenate-style-name-1.0.4.tgz,1.0.4,BSD 3
d3-selection-1.4.2.tgz,1.4.2,BSD 3
d3-ease-1.0.7.tgz,1.0.7,BSD 3
d3-format-1.4.5.tgz,1.4.5,BSD 3
d3-time-format-2.3.0.tgz,2.3.0,BSD 3
d3-time-2.0.0.tgz,2.0.0,BSD 3
d3-interpolate-2.0.1.tgz,2.0.1,BSD 3
d3-time-format-3.0.0.tgz,3.0.0,BSD 3
d3-color-2.0.0.tgz,2.0.0,BSD 3
d3-format-2.0.0.tgz,2.0.0,BSD 3
d3-dispatch-2.0.0.tgz,2.0.0,BSD 3
d3-timer-2.0.0.tgz,2.0.0,BSD 3
d3-shape-2.0.0.tgz,2.0.0,BSD 3
d3-path-2.0.0.tgz,2.0.0,BSD 3
d3-geo-2.0.1.tgz,2.0.1,BSD 3
d3-selection-2.0.0.tgz,2.0.0,BSD 3
d3-ease-2.0.0.tgz,2.0.0,BSD 3
d3-zoom-2.0.0.tgz,2.0.0,BSD 3
d3-drag-2.0.0.tgz,2.0.0,BSD 3
d3-transition-2.0.0.tgz,2.0.0,BSD 3
d3-scale-3.2.3.tgz,3.2.3,BSD 3
http-status-1.5.0.tgz,1.5.0,BSD 3
d3-array-2.9.1.tgz,2.9.1,BSD 3
d3-array-2.12.1.tgz,2.12.1,BSD 3
tslib-2.0.3.tgz,2.0.3,BSD Zero
tslib-1.14.1.tgz,1.14.1,BSD Zero
caniuse-lite-1.0.30001168.tgz,1.0.30001168,CC BY 4.0
mdn-data-2.0.14.tgz,2.0.14,CC0
jszip-3.5.0.tgz,3.5.0,"GPL 3.0, MIT"
json-stringify-safe-5.0.1.tgz,5.0.1,ISC
wrappy-1.0.2.tgz,1.0.2,ISC
fs.realpath-1.0.0.tgz,1.0.0,ISC
set-blocking-2.0.0.tgz,2.0.0,ISC
once-1.4.0.tgz,1.4.0,ISC
inflight-1.0.6.tgz,1.0.6,ISC
isexe-2.0.0.tgz,2.0.0,ISC
minimatch-3.0.4.tgz,3.0.4,ISC
which-module-2.0.0.tgz,2.0.0,ISC
css-color-keywords-1.0.0.tgz,1.0.0,ISC
har-schema-2.0.0.tgz,2.0.0,ISC
sax-1.2.4.tgz,1.2.4,ISC
require-main-filename-2.0.0.tgz,2.0.0,ISC
get-caller-file-2.0.5.tgz,2.0.5,ISC
inherits-2.0.4.tgz,2.0.4,ISC
semver-5.7.1.tgz,5.7.1,ISC
rimraf-2.7.1.tgz,2.7.1,ISC
yallist-4.0.0.tgz,4.0.0,ISC
topojson-client-3.1.0.tgz,3.1.0,ISC
glob-7.1.6.tgz,7.1.6,ISC
which-2.0.2.tgz,2.0.2,ISC
cliui-6.0.0.tgz,6.0.0,ISC
semver-7.0.0.tgz,7.0.0,ISC
make-error-1.3.6.tgz,1.3.6,ISC
yargs-parser-18.1.3.tgz,18.1.3,ISC
yaml-1.10.0.tgz,1.10.0,ISC
lru-cache-6.0.0.tgz,6.0.0,ISC
use-query-params-1.1.9.tgz,1.1.9,ISC
semver-7.3.4.tgz,7.3.4,ISC
y18n-4.0.1.tgz,4.0.1,ISC
ini-1.3.8.tgz,1.3.8,ISC
global-this-0.4.3.tgz,0.4.3,ISC
electron-to-chromium-1.3.627.tgz,1.3.627,ISC
serialize-query-params-1.3.0.tgz,1.3.0,ISC
internmap-1.0.1.tgz,1.0.1,ISC
escalade-3.1.1.tgz,3.1.1,"JSON, MIT"
isarray-0.0.1.tgz,0.0.1,MIT
exit-0.1.2.tgz,0.1.2,MIT
concat-map-0.0.1.tgz,0.0.1,MIT
isstream-0.1.2.tgz,0.1.2,MIT
backo2-1.0.2.tgz,1.0.2,MIT
set-immediate-shim-1.0.1.tgz,1.0.1,MIT
is-path-cwd-1.0.0.tgz,1.0.0,MIT
jsesc-0.5.0.tgz,0.5.0,MIT
has-ansi-2.0.0.tgz,2.0.0,MIT
is-typedarray-1.0.0.tgz,1.0.0,MIT
supports-color-2.0.0.tgz,2.0.0,MIT
arrify-1.0.1.tgz,1.0.1,MIT
delayed-stream-1.0.0.tgz,1.0.0,MIT
core-util-is-1.0.2.tgz,1.0.2,MIT
q-1.4.1.tgz,1.4.1,MIT
util-deprecate-1.0.2.tgz,1.0.2,MIT
isarray-1.0.0.tgz,1.0.0,MIT
pify-2.3.0.tgz,2.3.0,MIT
is-arrayish-0.2.1.tgz,0.2.1,MIT
is-plain-obj-1.1.0.tgz,1.1.0,MIT
mdurl-1.0.1.tgz,1.0.1,MIT
camelize-1.0.0.tgz,1.0.0,MIT
strip-ansi-3.0.1.tgz,3.0.1,MIT
escape-string-regexp-1.0.5.tgz,1.0.5,MIT
decamelize-1.2.0.tgz,1.2.0,MIT
pinkie-2.0.4.tgz,2.0.4,MIT
assert-plus-1.0.0.tgz,1.0.0,MIT
ansi-styles-2.2.1.tgz,2.2.1,MIT
chalk-1.1.3.tgz,1.1.3,MIT
require-directory-2.1.1.tgz,2.1.1,MIT
pinkie-promise-2.0.1.tgz,2.0.1,MIT
performance-now-0.2.0.tgz,0.2.0,MIT
array-uniq-1.0.3.tgz,1.0.3,MIT
array-union-1.0.2.tgz,1.0.2,MIT
globby-5.0.0.tgz,5.0.0,MIT
balanced-match-0.4.2.tgz,0.4.2,MIT
lodash.assign-4.2.0.tgz,4.2.0,MIT
reduce-css-calc-1.3.0.tgz,1.3.0,MIT
del-2.2.2.tgz,2.2.2,MIT
lodash.isplainobject-4.0.6.tgz,4.0.6,MIT
uuid-v4-0.1.0.tgz,0.1.0,MIT
extsprintf-1.3.0.tgz,1.3.0,MIT
trim-0.0.1.tgz,0.0.1,MIT
asynckit-0.4.0.tgz,0.4.0,MIT
path-is-absolute-1.0.1.tgz,1.0.1,MIT
os-tmpdir-1.0.2.tgz,1.0.2,MIT
min-document-2.19.0.tgz,2.19.0,MIT
require-package-name-2.0.1.tgz,2.0.1,MIT
repeat-string-1.6.1.tgz,1.6.1,MIT
babel-plugin-syntax-jsx-6.18.0.tgz,6.18.0,MIT
lodash.throttle-4.1.1.tgz,4.1.1,MIT
replace-ext-1.0.0.tgz,1.0.0,MIT
dashdash-1.14.1.tgz,1.14.1,MIT
immediate-3.0.6.tgz,3.0.6,MIT
batch-processor-1.0.0.tgz,1.0.0,MIT
string.prototype.repeat-0.2.0.tgz,0.2.0,MIT
lodash.camelcase-4.3.0.tgz,4.3.0,MIT
ansi-regex-2.1.1.tgz,2.1.1,MIT
fast-levenshtein-2.0.6.tgz,2.0.6,MIT
object-assign-4.1.1.tgz,4.1.1,MIT
lodash.debounce-4.0.8.tgz,4.0.8,MIT
jsbn-0.1.1.tgz,0.1.1,MIT
select-1.1.2.tgz,1.1.2,MIT
tmp-0.0.30.tgz,0.0.30,MIT
es6-promisify-5.0.0.tgz,5.0.0,MIT
good-listener-1.2.2.tgz,1.2.2,MIT
numeral-2.0.6.tgz,2.0.6,MIT
x-is-string-0.1.0.tgz,0.1.0,MIT
pascalcase-0.1.1.tgz,0.1.1,MIT
performance-now-2.1.0.tgz,2.1.0,MIT
simple-swizzle-0.2.2.tgz,0.2.2,MIT
getpass-0.1.7.tgz,0.1.7,MIT
process-0.11.10.tgz,0.11.10,MIT
verror-1.10.0.tgz,1.10.0,MIT
q-0.0.32.tgz,0.0.32,MIT
find-root-1.1.0.tgz,1.1.0,MIT
balanced-match-1.0.0.tgz,1.0.0,MIT
color-name-1.1.3.tgz,1.1.3,MIT
isobject-3.0.1.tgz,3.0.1,MIT
jsprim-1.4.1.tgz,1.4.1,MIT
toggle-selection-1.0.6.tgz,1.0.6,MIT
jasmine-core-2.8.0.tgz,2.8.0,MIT
function-bind-1.1.1.tgz,1.1.1,MIT
jasmine-2.8.0.tgz,2.8.0,MIT
decode-uri-component-0.2.0.tgz,0.2.0,MIT
source-map-support-0.4.18.tgz,0.4.18,MIT
http-signature-1.2.0.tgz,1.2.0,MIT
react-motion-0.5.2.tgz,0.5.2,MIT
to-fast-properties-2.0.0.tgz,2.0.0,MIT
jasminewd2-2.2.0.tgz,2.2.0,MIT
q-1.5.1.tgz,1.5.1,MIT
is-buffer-1.1.6.tgz,1.1.6,MIT
resize-observer-polyfill-1.5.0.tgz,1.5.0,MIT
vfile-2.3.0.tgz,2.3.0,MIT
is-path-inside-1.0.1.tgz,1.0.1,MIT
extsprintf-1.4.0.tgz,1.4.0,MIT
delegate-3.2.0.tgz,3.2.0,MIT
resolve-from-4.0.0.tgz,4.0.0,MIT
blocking-proxy-1.0.1.tgz,1.0.1,MIT
strict-uri-encode-2.0.0.tgz,2.0.0,MIT
symbol-observable-1.2.0.tgz,1.2.0,MIT
module-details-from-path-1.0.3.tgz,1.0.3,MIT
brace-expansion-1.1.11.tgz,1.1.11,MIT
has-flag-3.0.0.tgz,3.0.0,MIT
xpath-0.0.27.tgz,0.0.27,MIT
ansi-styles-3.2.1.tgz,3.2.1,MIT
stylis-3.5.0.tgz,3.5.0,MIT
lie-3.3.0.tgz,3.3.0,MIT
invariant-2.2.4.tgz,2.2.4,MIT
keycode-2.2.0.tgz,2.2.0,MIT
is-path-in-cwd-1.0.1.tgz,1.0.1,MIT
string_decoder-1.1.1.tgz,1.1.1,MIT
lodash.times-4.3.2.tgz,4.3.2,MIT
css-in-js-utils-2.0.1.tgz,2.0.1,MIT
safer-buffer-2.1.2.tgz,2.1.2,MIT
memoize-one-3.1.1.tgz,3.1.1,MIT
safe-buffer-5.1.2.tgz,5.1.2,MIT
unist-util-stringify-position-1.1.2.tgz,1.1.2,MIT
unified-6.2.0.tgz,6.2.0,MIT
json5-1.0.1.tgz,1.0.1,MIT
saucelabs-1.5.0.tgz,1.5.0,MIT
react-lifecycles-compat-3.0.4.tgz,3.0.4,MIT
helpers-6.1.4.tgz,6.1.4,MIT
punycode-2.1.1.tgz,2.1.1,MIT
remark-parse-5.0.0.tgz,5.0.0,MIT
has-1.0.3.tgz,1.0.3,MIT
classnames-2.2.6.tgz,2.2.6,MIT
json-schema-traverse-0.4.1.tgz,0.4.1,MIT
unicode-match-property-ecmascript-1.0.4.tgz,1.0.4,MIT
unicode-canonical-property-names-ecmascript-1.0.4.tgz,1.0.4,MIT
error-ex-1.3.2.tgz,1.3.2,MIT
shallowequal-1.1.0.tgz,1.1.0,MIT
bowser-1.9.4.tgz,1.9.4,MIT
babel-plugin-lodash-3.3.4.tgz,3.3.4,MIT
js-tokens-4.0.0.tgz,4.0.0,MIT
loose-envify-1.4.0.tgz,1.4.0,MIT
ws-5.2.2.tgz,5.2.2,MIT
is-arrayish-0.3.2.tgz,0.3.2,MIT
extend-3.0.2.tgz,3.0.2,MIT
ecc-jsbn-0.1.2.tgz,0.1.2,MIT
buffer-from-1.1.1.tgz,1.1.1,MIT
asn1-0.2.4.tgz,0.2.4,MIT
path-parse-1.0.6.tgz,1.0.6,MIT
inline-style-prefixer-4.0.2.tgz,4.0.2,MIT
debounce-1.2.0.tgz,1.2.0,MIT
define-properties-1.1.3.tgz,1.1.3,MIT
supports-color-5.5.0.tgz,5.5.0,MIT
color-convert-1.9.3.tgz,1.9.3,MIT
invariant-6.1.2.tgz,6.1.2,MIT
webdriver-js-extender-2.1.0.tgz,2.1.0,MIT
lines-and-columns-1.1.6.tgz,1.1.6,MIT
unist-util-visit-parents-1.1.2.tgz,1.1.2,MIT
color-name-1.1.4.tgz,1.1.4,MIT
commander-2.19.0.tgz,2.19.0,MIT
form-data-2.3.3.tgz,2.3.3,MIT
big.js-5.2.2.tgz,5.2.2,MIT
mdast-add-list-metadata-1.0.1.tgz,1.0.1,MIT
raf-3.4.1.tgz,3.4.1,MIT
xmlserializer-0.6.1.tgz,0.6.1,MIT
jsesc-2.5.2.tgz,2.5.2,MIT
immutable-4.0.0-rc.12.tgz,4.0.0-rc.12,MIT
resize-observer-polyfill-1.5.1.tgz,1.5.1,MIT
date-fns-1.30.1.tgz,1.30.1,MIT
vfile-message-1.1.1.tgz,1.1.1,MIT
weak-memoize-0.2.2.tgz,0.2.2,MIT
chalk-2.4.2.tgz,2.4.2,MIT
source-list-map-0.1.2.tgz,0.1.2,MIT
react-resize-detector-3.4.0.tgz,3.4.0,MIT
sshpk-1.16.1.tgz,1.16.1,MIT
react-event-listener-0.6.6.tgz,0.6.6,MIT
tiny-emitter-2.1.0.tgz,2.1.0,MIT
warning-4.0.3.tgz,4.0.3,MIT
prop-types-15.7.2.tgz,15.7.2,MIT
color-name-1.1.1.tgz,1.1.1,MIT
anymatch-1.3.1.tgz,1.3.1,MIT
emotion-10.0.9.tgz,10.0.9,MIT
emotion-theming-10.0.9.tgz,10.0.9,MIT
geojson-7946.0.7.tgz,7946.0.7,MIT
xmlbuilder-11.0.1.tgz,11.0.1,MIT
theme-0.0.8.tgz,0.0.8,MIT
un-flatten-tree-2.0.12.tgz,2.0.12,MIT
axis-0.0.168.tgz,0.0.168,MIT
event-0.0.165.tgz,0.0.165,MIT
point-0.0.165.tgz,0.0.165,MIT
pattern-0.0.165.tgz,0.0.165,MIT
scale-0.0.165.tgz,0.0.165,MIT
shape-0.0.165.tgz,0.0.165,MIT
shape-0.0.168.tgz,0.0.168,MIT
stats-0.0.165.tgz,0.0.165,MIT
tooltip-0.0.165.tgz,0.0.165,MIT
curve-0.0.165.tgz,0.0.165,MIT
bounds-0.0.165.tgz,0.0.165,MIT
glyph-0.0.165.tgz,0.0.165,MIT
group-0.0.165.tgz,0.0.165,MIT
responsive-0.0.165.tgz,0.0.165,MIT
text-0.0.165.tgz,0.0.165,MIT
voronoi-0.0.165.tgz,0.0.165,MIT
parent-module-1.0.1.tgz,1.0.1,MIT
p-try-2.2.0.tgz,2.2.0,MIT
camelcase-5.3.1.tgz,5.3.1,MIT
callsites-3.1.0.tgz,3.1.0,MIT
object-keys-1.1.1.tgz,1.1.1,MIT
emoji-regex-8.0.0.tgz,8.0.0,MIT
is-fullwidth-code-point-3.0.0.tgz,3.0.0,MIT
hoist-non-react-statics-3.3.1.tgz,3.3.1,MIT
split-on-first-1.1.0.tgz,1.1.0,MIT
eventemitter3-3.1.2.tgz,3.1.2,MIT
globals-11.12.0.tgz,11.12.0,MIT
combined-stream-1.0.8.tgz,1.0.8,MIT
parse-entities-1.2.2.tgz,1.2.2,MIT
p-locate-4.1.0.tgz,4.1.0,MIT
locate-path-5.0.0.tgz,5.0.0,MIT
unist-util-visit-1.4.1.tgz,1.4.1,MIT
unist-util-visit-parents-2.1.2.tgz,2.1.2,MIT
unist-util-is-3.0.0.tgz,3.0.0,MIT
agent-base-4.3.0.tgz,4.3.0,MIT
ms-2.1.2.tgz,2.1.2,MIT
es6-promise-4.2.8.tgz,4.2.8,MIT
global-4.4.0.tgz,4.4.0,MIT
ts-invariant-0.4.4.tgz,0.4.4,MIT
text-0.0.183.tgz,0.0.183,MIT
path-exists-4.0.0.tgz,4.0.0,MIT
process-nextick-args-2.0.1.tgz,2.0.1,MIT
find-up-4.1.0.tgz,4.1.0,MIT
path-type-4.0.0.tgz,4.0.0,MIT
lodash.merge-4.6.2.tgz,4.6.2,MIT
raf-schd-4.0.2.tgz,4.0.2,MIT
tiny-warning-1.0.3.tgz,1.0.3,MIT
xtend-4.0.2.tgz,4.0.2,MIT
react-vis-1.11.7.tgz,1.11.7,MIT
bbox-clip-6.0.3.tgz,6.0.3,MIT
lodash-es-4.17.15.tgz,4.17.15,MIT
yn-3.1.1.tgz,3.1.1,MIT
react-spring-8.0.27.tgz,8.0.27,MIT
async-limiter-1.0.1.tgz,1.0.1,MIT
use-react-router-1.0.7.tgz,1.0.7,MIT
use-force-update-1.0.7.tgz,1.0.7,MIT
js-cookie-2.2.1.tgz,2.2.1,MIT
color-convert-2.0.1.tgz,2.0.1,MIT
shape-0.0.179.tgz,0.0.179,MIT
gradient-0.0.165.tgz,0.0.165,MIT
clip-path-0.0.165.tgz,0.0.165,MIT
scale-0.0.179.tgz,0.0.179,MIT
glyph-0.0.179.tgz,0.0.179,MIT
axis-0.0.179.tgz,0.0.179,MIT
event-0.0.179.tgz,0.0.179,MIT
pattern-0.0.179.tgz,0.0.179,MIT
responsive-0.0.179.tgz,0.0.179,MIT
group-0.0.170.tgz,0.0.170,MIT
text-0.0.179.tgz,0.0.179,MIT
grid-0.0.180.tgz,0.0.180,MIT
shape-0.0.170.tgz,0.0.170,MIT
threshold-0.0.170.tgz,0.0.170,MIT
memoize-one-5.1.1.tgz,5.1.1,MIT
value-equal-1.0.1.tgz,1.0.1,MIT
resolve-pathname-3.0.0.tgz,3.0.0,MIT
reduce-function-call-1.0.3.tgz,1.0.3,MIT
history-4.10.1.tgz,4.10.1,MIT
webdriver-manager-12.1.7.tgz,12.1.7,MIT
commonmark-react-renderer-4.3.5.tgz,4.3.5,MIT
prop-types-15.7.3.tgz,15.7.3,MIT
shebang-regex-3.0.0.tgz,3.0.0,MIT
shebang-command-2.0.0.tgz,2.0.0,MIT
commander-2.20.3.tgz,2.20.3,MIT
cross-env-6.0.3.tgz,6.0.3,MIT
https-proxy-agent-2.2.4.tgz,2.2.4,MIT
convert-source-map-1.7.0.tgz,1.7.0,MIT
ansi-regex-5.0.0.tgz,5.0.0,MIT
cosmiconfig-6.0.0.tgz,6.0.0,MIT
parse-json-4.0.0.tgz,4.0.0,MIT
es-to-primitive-1.2.1.tgz,1.2.1,MIT
strip-ansi-6.0.0.tgz,6.0.0,MIT
vfile-location-2.0.6.tgz,2.0.6,MIT
unist-util-remove-position-1.1.4.tgz,1.1.4,MIT
path-to-regexp-1.8.0.tgz,1.8.0,MIT
string-width-4.2.0.tgz,4.2.0,MIT
deep-equal-1.1.1.tgz,1.1.1,MIT
wrap-ansi-6.2.0.tgz,6.2.0,MIT
has-symbols-1.0.1.tgz,1.0.1,MIT
zen-observable-0.8.15.tgz,0.8.15,MIT
is-symbol-1.0.3.tgz,1.0.3,MIT
path-key-3.1.1.tgz,3.1.1,MIT
graphlib-2.1.8.tgz,2.1.8,MIT
dagre-0.8.5.tgz,0.8.5,MIT
css-to-react-native-3.0.0.tgz,3.0.0,MIT
babel-plugin-macros-2.8.0.tgz,2.8.0,MIT
fast-json-stable-stringify-2.1.0.tgz,2.1.0,MIT
regexp.prototype.flags-1.3.0.tgz,1.3.0,MIT
is-date-object-1.0.2.tgz,1.0.2,MIT
xml2js-0.4.23.tgz,0.4.23,MIT
xmldom-0.1.31.tgz,0.1.31,MIT
unitless-0.7.5.tgz,0.7.5,MIT
memoize-0.7.4.tgz,0.7.4,MIT
create-emotion-10.0.27.tgz,10.0.27,MIT
emotion-10.0.27.tgz,10.0.27,MIT
css-10.0.27.tgz,10.0.27,MIT
sheet-0.9.4.tgz,0.9.4,MIT
weak-memoize-0.2.5.tgz,0.2.5,MIT
utils-0.11.3.tgz,0.11.3,MIT
stylis-0.8.5.tgz,0.8.5,MIT
date-fns-timezone-0.1.4.tgz,0.1.4,MIT
timezone-support-1.8.1.tgz,1.8.1,MIT
styled-10.0.27.tgz,10.0.27,MIT
emotion-theming-10.0.27.tgz,10.0.27,MIT
iterall-1.3.0.tgz,1.3.0,MIT
readable-stream-2.3.7.tgz,2.3.7,MIT
error-stack-parser-2.0.6.tgz,2.0.6,MIT
stacktrace-gps-3.0.4.tgz,3.0.4,MIT
stack-generator-2.0.5.tgz,2.0.5,MIT
stacktrace-js-2.0.2.tgz,2.0.2,MIT
plugin-syntax-optional-catch-binding-7.8.3.tgz,7.8.3,MIT
plugin-syntax-object-rest-spread-7.8.3.tgz,7.8.3,MIT
plugin-syntax-async-generators-7.8.4.tgz,7.8.4,MIT
plugin-syntax-dynamic-import-7.8.3.tgz,7.8.3,MIT
plugin-syntax-json-strings-7.8.3.tgz,7.8.3,MIT
plugin-syntax-nullish-coalescing-operator-7.8.3.tgz,7.8.3,MIT
plugin-syntax-optional-chaining-7.8.3.tgz,7.8.3,MIT
plugin-syntax-export-namespace-from-7.8.3.tgz,7.8.3,MIT
element-resize-detector-1.2.1.tgz,1.2.1,MIT
sourcemap-codec-1.4.8.tgz,1.4.8,MIT
uuid-3.4.0.tgz,3.4.0,MIT
color-3.0.1.tgz,3.0.1,MIT
react-sortable-hoc-1.11.0.tgz,1.11.0,MIT
fastest-stable-stringify-1.0.1.tgz,1.0.1,MIT
rtl-css-js-1.14.0.tgz,1.14.0,MIT
long-4.0.1.tgz,4.0.1,MIT
character-entities-legacy-1.1.4.tgz,1.1.4,MIT
character-entities-1.2.4.tgz,1.2.4,MIT
character-reference-invalid-1.1.4.tgz,1.1.4,MIT
collapse-white-space-1.0.6.tgz,1.0.6,MIT
markdown-escapes-1.0.4.tgz,1.0.4,MIT
is-word-character-1.0.4.tgz,1.0.4,MIT
is-alphanumerical-1.0.4.tgz,1.0.4,MIT
is-whitespace-character-1.0.4.tgz,1.0.4,MIT
is-alphabetical-1.0.4.tgz,1.0.4,MIT
is-hexadecimal-1.0.4.tgz,1.0.4,MIT
is-decimal-1.0.4.tgz,1.0.4,MIT
bail-1.0.5.tgz,1.0.5,MIT
trough-1.0.5.tgz,1.0.5,MIT
emojis-list-3.0.0.tgz,3.0.0,MIT
state-toggle-1.0.3.tgz,1.0.3,MIT
unherit-1.1.3.tgz,1.1.3,MIT
require-in-the-middle-5.0.3.tgz,5.0.3,MIT
react-markdown-4.3.1.tgz,4.3.1,MIT
tiny-invariant-1.1.0.tgz,1.1.0,MIT
arg-4.1.3.tgz,4.1.3,MIT
selenium-webdriver-3.0.17.tgz,3.0.17,MIT
loader-utils-1.4.0.tgz,1.4.0,MIT
copy-to-clipboard-3.3.1.tgz,3.3.1,MIT
hash-0.8.0.tgz,0.8.0,MIT
serialize-0.11.16.tgz,0.11.16,MIT
cache-10.0.29.tgz,10.0.29,MIT
clipboard-2.0.6.tgz,2.0.6,MIT
stylis-plugin-extra-scope-0.2.1.tgz,0.2.1,MIT
is-prop-valid-0.8.8.tgz,0.8.8,MIT
screenfull-5.0.2.tgz,5.0.2,MIT
unicode-match-property-value-ecmascript-1.2.0.tgz,1.2.0,MIT
unicode-property-aliases-ecmascript-1.1.0.tgz,1.1.0,MIT
regenerate-unicode-properties-8.2.0.tgz,8.2.0,MIT
minimist-1.2.5.tgz,1.2.5,MIT
styled-base-10.0.31.tgz,10.0.31,MIT
react-is-16.13.1.tgz,16.13.1,MIT
scheduler-0.19.1.tgz,0.19.1,MIT
react-16.13.1.tgz,16.13.1,MIT
react-dom-16.13.1.tgz,16.13.1,MIT
psl-1.8.0.tgz,1.8.0,MIT
react-motion-0.0.29.tgz,0.0.29,MIT
equality-0.1.11.tgz,0.1.11,MIT
uuid-7.0.3.tgz,7.0.3,MIT
scrollbar-width-1.9.5.tgz,1.9.5,MIT
dom-walk-0.1.2.tgz,0.1.2,MIT
babel-plugin-emotion-10.0.33.tgz,10.0.33,MIT
react-common-3.1.4.tgz,3.1.4,MIT
json5-2.1.3.tgz,2.1.3,MIT
p-limit-2.3.0.tgz,2.3.0,MIT
styled-components-5.1.0.tgz,5.1.0,MIT
react-hooks-3.1.5.tgz,3.1.5,MIT
babel-plugin-dynamic-import-node-2.3.3.tgz,2.3.3,MIT
mime-db-1.44.0.tgz,1.44.0,MIT
mime-types-2.1.27.tgz,2.1.27,MIT
source-map-support-0.5.19.tgz,0.5.19,MIT
postcss-value-parser-4.1.0.tgz,4.1.0,MIT
js-cookie-2.2.6.tgz,2.2.6,MIT
safe-buffer-5.2.1.tgz,5.2.1,MIT
react-router-dom-5.2.0.tgz,5.2.0,MIT
react-router-5.2.0.tgz,5.2.0,MIT
protractor-7.0.0.tgz,7.0.0,MIT
map-2.0.1.tgz,2.0.1,MIT
keys-2.0.0.tgz,2.0.0,MIT
each-2.0.1.tgz,2.0.1,MIT
react-virtualized-9.21.10.tgz,9.21.10,MIT
regjsgen-0.5.2.tgz,0.5.2,MIT
cross-spawn-7.0.3.tgz,7.0.3,MIT
stackframe-1.2.0.tgz,1.2.0,MIT
clsx-1.1.1.tgz,1.1.1,MIT
fast-deep-equal-3.1.3.tgz,3.1.3,MIT
theme-0.0.78.tgz,0.0.78,MIT
xy-chart-0.0.78.tgz,0.0.78,MIT
shared-0.0.78.tgz,0.0.78,MIT
react-use-measure-2.0.1.tgz,2.0.1,MIT
tapable-1.0.6.tgz,1.0.6,MIT
moment-2.27.0.tgz,2.27.0,MIT
context-0.5.2.tgz,0.5.2,MIT
adm-zip-0.4.16.tgz,0.4.16,MIT
color-blend-2.0.9.tgz,2.0.9,MIT
highlight-7.10.4.tgz,7.10.4,MIT
helper-builder-binary-assignment-operator-visitor-7.10.4.tgz,7.10.4,MIT
helper-hoist-variables-7.10.4.tgz,7.10.4,MIT
plugin-syntax-numeric-separator-7.10.4.tgz,7.10.4,MIT
helper-plugin-utils-7.10.4.tgz,7.10.4,MIT
plugin-syntax-logical-assignment-operators-7.10.4.tgz,7.10.4,MIT
regenerator-transform-0.14.5.tgz,0.14.5,MIT
colorette-1.2.1.tgz,1.2.1,MIT
xmldom-0.1.30.tgz,0.1.30,MIT
yargs-15.4.1.tgz,15.4.1,MIT
helper-define-map-7.10.5.tgz,7.10.5,MIT
regenerator-runtime-0.13.7.tgz,0.13.7,MIT
graphql-tag-2.11.0.tgz,2.11.0,MIT
har-validator-5.1.5.tgz,5.1.5,MIT
ramda-0.27.1.tgz,0.27.1,MIT
dom-helpers-5.2.0.tgz,5.2.0,MIT
is-regex-1.1.1.tgz,1.1.1,MIT
react-virtualized-9.22.2.tgz,9.22.2,MIT
uuid-8.3.0.tgz,8.3.0,MIT
mini-css-extract-plugin-0.9.1.tgz,0.9.1,MIT
throttle-debounce-2.3.0.tgz,2.3.0,MIT
lodash-4.17.20.tgz,4.17.20,MIT
moment-timezone-0.5.30.tgz,0.5.30,MIT
subscriptions-transport-ws-0.9.18.tgz,0.9.18,MIT
parse-json-5.1.0.tgz,5.1.0,MIT
preset-modules-0.1.4.tgz,0.1.4,MIT
date-fns-2.16.1.tgz,2.16.1,MIT
json-parse-even-better-errors-2.3.1.tgz,2.3.1,MIT
node-fetch-2.6.1.tgz,2.6.1,MIT
zen-observable-0.8.1.tgz,0.8.1,MIT
core-3.1.0.tgz,3.1.0,MIT
jexl-2.3.0.tgz,2.3.0,MIT
regexpu-core-4.7.1.tgz,4.7.1,MIT
is-callable-1.2.2.tgz,1.2.2,MIT
react-hot-loader-4.13.0.tgz,4.13.0,MIT
tinycolor2-1.4.2.tgz,1.4.2,MIT
country-code-lookup-0.0.18.tgz,0.0.18,MIT
unfetch-4.2.0.tgz,4.2.0,MIT
isomorphic-unfetch-3.1.0.tgz,3.1.0,MIT
d3-path-1.0.9.tgz,1.0.9,MIT
d3-color-1.4.1.tgz,1.4.1,MIT
d3-time-1.1.1.tgz,1.1.1,MIT
symbol-observable-2.0.3.tgz,2.0.3,MIT
es-abstract-1.17.7.tgz,1.17.7,MIT
decimal.js-light-2.5.1.tgz,2.5.1,MIT
d3-interpolate-1.4.2.tgz,1.4.2,MIT
d3-scale-2.2.4.tgz,2.2.4,MIT
ansi-styles-4.3.0.tgz,4.3.0,MIT
react-modal-3.10.6.tgz,3.10.6,MIT
moment-2.29.1.tgz,2.29.1,MIT
color-string-1.5.4.tgz,1.5.4,MIT
color-3.1.3.tgz,3.1.3,MIT
prismjs-1.22.0.tgz,1.22.0,MIT
ajv-6.12.6.tgz,6.12.6,MIT
equality-0.3.0.tgz,0.3.0,MIT
helper-module-transforms-7.12.1.tgz,7.12.1,MIT
plugin-proposal-optional-catch-binding-7.12.1.tgz,7.12.1,MIT
plugin-transform-spread-7.12.1.tgz,7.12.1,MIT
plugin-transform-duplicate-keys-7.12.1.tgz,7.12.1,MIT
plugin-proposal-export-namespace-from-7.12.1.tgz,7.12.1,MIT
plugin-transform-modules-amd-7.12.1.tgz,7.12.1,MIT
plugin-transform-property-literals-7.12.1.tgz,7.12.1,MIT
plugin-transform-dotall-regex-7.12.1.tgz,7.12.1,MIT
helper-simple-access-7.12.1.tgz,7.12.1,MIT
plugin-transform-modules-umd-7.12.1.tgz,7.12.1,MIT
plugin-proposal-private-methods-7.12.1.tgz,7.12.1,MIT
plugin-proposal-nullish-coalescing-operator-7.12.1.tgz,7.12.1,MIT
plugin-transform-function-name-7.12.1.tgz,7.12.1,MIT
plugin-proposal-dynamic-import-7.12.1.tgz,7.12.1,MIT
plugin-transform-exponentiation-operator-7.12.1.tgz,7.12.1,MIT
plugin-syntax-top-level-await-7.12.1.tgz,7.12.1,MIT
plugin-transform-unicode-escapes-7.12.1.tgz,7.12.1,MIT
plugin-transform-named-capturing-groups-regex-7.12.1.tgz,7.12.1,MIT
plugin-transform-for-of-7.12.1.tgz,7.12.1,MIT
plugin-proposal-object-rest-spread-7.12.1.tgz,7.12.1,MIT
plugin-transform-async-to-generator-7.12.1.tgz,7.12.1,MIT
plugin-transform-classes-7.12.1.tgz,7.12.1,MIT
plugin-proposal-unicode-property-regex-7.12.1.tgz,7.12.1,MIT
helper-explode-assignable-expression-7.12.1.tgz,7.12.1,MIT
plugin-transform-shorthand-properties-7.12.1.tgz,7.12.1,MIT
plugin-syntax-class-properties-7.12.1.tgz,7.12.1,MIT
plugin-proposal-logical-assignment-operators-7.12.1.tgz,7.12.1,MIT
plugin-transform-new-target-7.12.1.tgz,7.12.1,MIT
plugin-transform-arrow-functions-7.12.1.tgz,7.12.1,MIT
helper-skip-transparent-expression-wrappers-7.12.1.tgz,7.12.1,MIT
plugin-transform-object-super-7.12.1.tgz,7.12.1,MIT
plugin-proposal-json-strings-7.12.1.tgz,7.12.1,MIT
helper-remap-async-to-generator-7.12.1.tgz,7.12.1,MIT
plugin-transform-computed-properties-7.12.1.tgz,7.12.1,MIT
plugin-proposal-async-generator-functions-7.12.1.tgz,7.12.1,MIT
plugin-transform-template-literals-7.12.1.tgz,7.12.1,MIT
plugin-transform-modules-systemjs-7.12.1.tgz,7.12.1,MIT
plugin-transform-literals-7.12.1.tgz,7.12.1,MIT
plugin-transform-modules-commonjs-7.12.1.tgz,7.12.1,MIT
helper-create-class-features-plugin-7.12.1.tgz,7.12.1,MIT
plugin-transform-member-expression-literals-7.12.1.tgz,7.12.1,MIT
plugin-proposal-class-properties-7.12.1.tgz,7.12.1,MIT
plugin-transform-regenerator-7.12.1.tgz,7.12.1,MIT
plugin-transform-parameters-7.12.1.tgz,7.12.1,MIT
plugin-transform-destructuring-7.12.1.tgz,7.12.1,MIT
plugin-transform-unicode-regex-7.12.1.tgz,7.12.1,MIT
plugin-transform-reserved-words-7.12.1.tgz,7.12.1,MIT
plugin-transform-block-scoped-functions-7.12.1.tgz,7.12.1,MIT
helper-wrap-function-7.12.3.tgz,7.12.3,MIT
mini-create-react-context-0.4.1.tgz,0.4.1,MIT
keyboardjs-2.6.4.tgz,2.6.4,MIT
html-to-react-1.4.5.tgz,1.4.5,MIT
graphql-15.4.0.tgz,15.4.0,MIT
htmlparser2-5.0.1.tgz,5.0.1,MIT
use-isomorphic-layout-effect-1.1.0.tgz,1.1.0,MIT
uglify-js-3.11.1.tgz,3.11.1,MIT
gensync-1.0.0-beta.2.tgz,1.0.0-beta.2,MIT
trim-trailing-lines-1.1.4.tgz,1.1.4,MIT
d3-shape-1.3.5.tgz,1.3.5,MIT
classnames-2.2.11.tgz,2.2.11,MIT
react-window-1.8.6.tgz,1.8.6,MIT
aws4-1.11.0.tgz,1.11.0,MIT
call-bind-1.0.0.tgz,1.0.0,MIT
get-intrinsic-1.0.1.tgz,1.0.1,MIT
object.assign-4.1.2.tgz,4.1.2,MIT
regenerate-1.4.2.tgz,1.4.2,MIT
core-10.1.1.tgz,10.1.1,MIT
import-fresh-3.2.2.tgz,3.2.2,MIT
helpers-7.12.5.tgz,7.12.5,MIT
helper-module-imports-7.12.5.tgz,7.12.5,MIT
runtime-7.12.5.tgz,7.12.5,MIT
helper-compilation-targets-7.12.5.tgz,7.12.5,MIT
query-string-6.13.7.tgz,6.13.7,MIT
lodash-4.14.165.tgz,4.14.165,MIT
resolve-1.19.0.tgz,1.19.0,MIT
webpack-4.41.25.tgz,4.41.25,MIT
d3-geo-2.0.0.tgz,2.0.0,MIT
csstype-3.0.5.tgz,3.0.5,MIT
csstype-2.6.14.tgz,2.6.14,MIT
debug-4.3.1.tgz,4.3.1,MIT
debug-3.2.7.tgz,3.2.7,MIT
file-saver-2.0.5.tgz,2.0.5,MIT
node-releases-1.1.67.tgz,1.1.67,MIT
string.prototype.trimend-1.0.3.tgz,1.0.3,MIT
string.prototype.trimstart-1.0.3.tgz,1.0.3,MIT
plugin-proposal-optional-chaining-7.12.7.tgz,7.12.7,MIT
helper-member-expression-to-functions-7.12.7.tgz,7.12.7,MIT
compat-data-7.12.7.tgz,7.12.7,MIT
plugin-transform-sticky-regex-7.12.7.tgz,7.12.7,MIT
plugin-proposal-numeric-separator-7.12.7.tgz,7.12.7,MIT
helper-create-regexp-features-plugin-7.12.7.tgz,7.12.7,MIT
template-7.12.7.tgz,7.12.7,MIT
use-subscription-1.5.1.tgz,1.5.1,MIT
babel-plugin-styled-components-1.12.0.tgz,1.12.0,MIT
react-17.0.0.tgz,17.0.0,MIT
react-dom-17.0.0.tgz,17.0.0,MIT
optimism-0.13.1.tgz,0.13.1,MIT
react-modal-3.12.1.tgz,3.12.1,MIT
snippet-4.13.1.tgz,4.13.1,MIT
react-tooltip-4.2.11.tgz,4.2.11,MIT
css-tree-1.1.2.tgz,1.1.2,MIT
is-core-module-2.2.0.tgz,2.2.0,MIT
object-is-1.1.4.tgz,1.1.4,MIT
create-require-1.1.1.tgz,1.1.1,MIT
object-inspect-1.9.0.tgz,1.9.0,MIT
webpack-sources-2.1.0.tgz,2.1.0,MIT
color-convert-2.0.0.tgz,2.0.0,MIT
react-tooltip-4.2.4.tgz,4.2.4,MIT
math-expression-evaluator-1.3.6.tgz,1.3.6,MIT
is-arguments-1.1.0.tgz,1.1.0,MIT
dom-serializer-1.2.0.tgz,1.2.0,MIT
core-js-compat-3.8.1.tgz,3.8.1,MIT
ts-invariant-0.6.0.tgz,0.6.0,MIT
ungap__global-this-0.3.1.tgz,0.3.1,MIT
ts-node-9.1.1.tgz,9.1.1,MIT
ms-2.1.3.tgz,2.1.3,MIT
uuid-8.3.2.tgz,8.3.2,MIT
xstate-4.15.1.tgz,4.15.1,MIT
helper-get-function-arity-7.12.10.tgz,7.12.10,MIT
traverse-7.12.10.tgz,7.12.10,MIT
core-7.12.10.tgz,7.12.10,MIT
helper-annotate-as-pure-7.12.10.tgz,7.12.10,MIT
plugin-transform-typeof-symbol-7.12.10.tgz,7.12.10,MIT
helper-optimise-call-expression-7.12.10.tgz,7.12.10,MIT
axis-0.0.175.tgz,0.0.175,MIT
sparkline-0.0.84.tgz,0.0.84,MIT
text-0.0.175.tgz,0.0.175,MIT
shared-0.0.84.tgz,0.0.84,MIT
shape-0.0.175.tgz,0.0.175,MIT
theme-0.0.84.tgz,0.0.84,MIT
responsive-0.0.192.tgz,0.0.192,MIT
text-0.0.192.tgz,0.0.192,MIT
xy-chart-0.0.84.tgz,0.0.84,MIT
styled-components-5.1.5.tgz,5.1.5,MIT
browserslist-4.16.0.tgz,4.16.0,MIT
ky-0.25.1.tgz,0.25.1,MIT
browserstack-1.6.1.tgz,1.6.1,MIT
client-3.3.6.tgz,3.3.6,MIT
helper-validator-identifier-7.12.11.tgz,7.12.11,MIT
code-frame-7.12.11.tgz,7.12.11,MIT
parser-7.12.11.tgz,7.12.11,MIT
helper-replace-supers-7.12.11.tgz,7.12.11,MIT
helper-validator-option-7.12.11.tgz,7.12.11,MIT
helper-function-name-7.12.11.tgz,7.12.11,MIT
plugin-transform-block-scoping-7.12.11.tgz,7.12.11,MIT
types-7.12.11.tgz,7.12.11,MIT
generator-7.12.11.tgz,7.12.11,MIT
helper-split-export-declaration-7.12.11.tgz,7.12.11,MIT
preset-env-7.12.11.tgz,7.12.11,MIT
node-14.14.14.tgz,14.14.14,MIT
react-native-0.63.41.tgz,0.63.41,MIT
react-simple-maps-2.3.0.tgz,2.3.0,MIT
react-virtualized-9.22.3.tgz,9.22.3,MIT
query-string-6.13.8.tgz,6.13.8,MIT
react-1.2.1.tgz,1.2.1,MIT
webdriver-manager-12.1.8.tgz,12.1.8,MIT
resize-observer-browser-0.1.5.tgz,0.1.5,MIT
flow-bin-0.118.0.tgz,0.118.0,MIT
moment-timezone-0.5.33.tgz,0.5.33,MIT
merged-ref-1.3.0.tgz,1.3.0,MIT
zone.js-0.11.4.tgz,0.11.4,MIT
angular-1.8.1.tgz,1.8.1,MIT
react-timeago-5.2.0.tgz,5.2.0,MIT
node-10.17.60.tgz,10.17.60,MIT
node-14.17.1.tgz,14.17.1,MIT
text-0.0.199.tgz,0.0.199,MIT
react-svg-pan-zoom-3.10.0.tgz,3.10.0,MIT
transformation-matrix-2.8.0.tgz,2.8.0,MIT
group-0.0.189.tgz,0.0.189,MIT
react-flame-graph-1.4.0.tgz,1.4.0,MIT
react-progressive-list-typescript-0.2.1.tgz,0.2.1,MIT
shape-0.0.199.tgz,0.0.199,MIT
axis-0.0.199.tgz,0.0.199,MIT
event-0.0.199.tgz,0.0.199,MIT
scale-0.0.189.tgz,0.0.189,MIT
scale-0.0.199.tgz,0.0.199,MIT
bounds-0.0.199.tgz,0.0.199,MIT
tooltip-0.0.189.tgz,0.0.189,MIT
react-svg-pan-zoom-3.8.1.tgz,3.8.1,MIT
pattern-0.0.189.tgz,0.0.189,MIT
bounds-0.0.189.tgz,0.0.189,MIT
curve-0.0.189.tgz,0.0.189,MIT
axis-0.0.189.tgz,0.0.189,MIT
text-0.0.189.tgz,0.0.189,MIT
event-0.0.189.tgz,0.0.189,MIT
point-0.0.189.tgz,0.0.189,MIT
react-resize-detector-6.0.1-rc.5.tgz,6.0.1-rc.5,MIT
point-0.0.199.tgz,0.0.199,MIT
sparkline-0.0.78.tgz,0.0.78,MIT
curve-0.0.199.tgz,0.0.199,MIT
react-data-grid-4.0.5.tgz,4.0.5,MIT
transformation-matrix-2.5.0.tgz,2.5.0,MIT
react-simple-maps-1.0.3.tgz,1.0.3,MIT
tooltip-0.0.199.tgz,0.0.199,MIT
group-0.0.199.tgz,0.0.199,MIT
shape-0.0.189.tgz,0.0.189,MIT
pattern-0.0.199.tgz,0.0.199,MIT
path-is-inside-1.0.2.tgz,1.0.2,"MIT, WTFPL"
pako-1.0.11.tgz,1.0.11,"MIT, Zlib"
pako-2.0.3.tgz,2.0.3,"MIT, Zlib"
time-range-utils-2.3.0.tgz,2.3.0,"Apache 2.0, MIT"
visualization-editors-18.1.0.tgz,18.1.0,"Apache 2.0, MIT"
visualization-color-palettes-18.1.0.tgz,18.1.0,Splunk Owned
dashboard-visualizations-18.1.0.tgz,18.1.0,"MIT, Apache 2.0, BSD 3, ISC"
visualization-icons-18.1.0.tgz,18.1.0,Splunk Owned
visualizations-shared-18.1.0.tgz,18.1.0,MIT
visualization-context-18.1.0.tgz,18.1.0,"Apache 2.0, MIT"
olly-network-graph-0.0.5.tgz,0.0.5,"MIT, Apache 2.0, BSD 3, BSD 2"
signalflow-streamer-7.2.1.tgz,7.2.1,Splunk Owned
visualization-encoding-parsers-18.1.0.tgz,18.1.0,Splunk Owned
signalview-services-1.4.12.tgz,1.4.12,MIT
charting-bundle-18.1.0.tgz,18.1.0,Splunk Owned
visualization-themes-18.1.0.tgz,18.1.0,"MIT, Apache 2.0"
react-visualizations-18.1.0.tgz,18.1.0,"MIT, Apache 2.0, BSD 3"
olly-common-2.9.3.tgz,2.9.3,"MIT, Apache 2.0, BSD 3, BSD 2, BSD 0"
tweetnacl-0.14.5.tgz,0.14.5,Unlicense
set-harmonic-interval-1.0.1.tgz,1.0.1,Unlicense
fast-shallow-equal-1.0.0.tgz,1.0.0,Unlicense
ts-easing-0.2.0.tgz,0.2.0,Unlicense
nano-css-5.3.0.tgz,5.3.0,Unlicense
react-universal-interface-0.6.2.tgz,0.6.2,Unlicense
react-use-15.3.4.tgz,15.3.4,Unlicense
Java 8+ API Desugaring Code Snippet,https://developer.android.com/studio/write/java8-support#library-desugaring,Apache 2.0 